Country,State,City,Timestamp(UTC),PM2.5,PM10,Ozone,CO,NO2,SO2,US AQI,Main pollutant
India,Delhi,New Delhi,2026-01-01T00:00:00.000Z,163,285,22.8,1200,38.68,9.5,238,PM2.5
India,Delhi,New Delhi,2026-01-01T01:00:00.000Z,154.75,271.82,24.835,1225,35.265,13.135,230,PM2.5
India,Delhi,New Delhi,2026-01-01T02:00:00.000Z,178,259.65,25.005,1220,39.585,12.995,253,PM2.5
India,Delhi,New Delhi,2026-01-01T03:00:00.000Z,142.68,244,20.265,1360,37.39,9,218,PM2.5
India,Delhi,New Delhi,2026-01-01T04:00:00.000Z,172.78,273.25,19.2,1400,35.91,10.34,248,PM2.5
India,Delhi,New Delhi,2026-01-01T05:00:00.000Z,198.12,269.65,19.99,1400,47.4,10.8,273,PM2.5
India,Delhi,New Delhi,2026-01-01T06:00:00.000Z,201.065,284.5,26.1,1400,42.4,10.875,276,PM2.5
India,Delhi,New Delhi,2026-01-01T07:00:00.000Z,213,272,29.82,1400,45.87,12.18,288,PM2.5
India,Delhi,New Delhi,2026-01-01T08:00:00.000Z,210,284.15,34.5,1400,48.48,12.5,285,PM2.5
India,Delhi,New Delhi,2026-01-01T09:00:00.000Z,213.75,299,31.99,1500,49.6,12.335,288,PM2.5
India,Delhi,New Delhi,2026-01-01T10:00:00.000Z,218,317,26.75,1500,53.08,11.7,293,PM2.5
India,Delhi,New Delhi,2026-01-01T11:00:00.000Z,219,314.735,20.2,1860,56.69,14.975,294,PM2.5
India,Delhi,New Delhi,2026-01-01T12:00:00.000Z,212.775,322.125,11.825,2000,56.17,18.6,287,PM2.5
India,Delhi,New Delhi,2026-01-01T13:00:00.000Z,208.49,359,10.6,1970,57.2,21.4,283,PM2.5
India,Delhi,New Delhi,2026-01-01T14:00:00.000Z,220.975,339,12.21,2050,56.2,22.92,296,PM2.5
India,Delhi,New Delhi,2026-01-01T15:00:00.000Z,174.89,283,12.15,1700,49.595,20.48,250,PM2.5
India,Delhi,New Delhi,2026-01-01T16:00:00.000Z,171.07,276.625,15.55,1450,39.795,20.435,246,PM2.5
India,Delhi,New Delhi,2026-01-01T17:00:00.000Z,174.49,284.775,24.1,1355,40.1,20.225,249,PM2.5
India,Delhi,New Delhi,2026-01-01T18:00:00.000Z,124.125,239,22.2,1370,24.7,17.25,199,PM2.5
India,Delhi,New Delhi,2026-01-01T19:00:00.000Z,78,132,21.26,1100,32.24,10.65,167,PM2.5
India,Delhi,New Delhi,2026-01-01T20:00:00.000Z,61,101,17.62,785,43.34,14.22,155,PM2.5
India,Delhi,New Delhi,2026-01-01T21:00:00.000Z,67,97,20.75,1065,32.735,6.7,159,PM2.5
India,Delhi,New Delhi,2026-01-01T22:00:00.000Z,67,100.25,17.6,865,34.9,10.9,159,PM2.5
India,Delhi,New Delhi,2026-01-01T23:00:00.000Z,66.77,96,14.2,1000,31.99,11.4,159,PM2.5
India,Delhi,New Delhi,2026-01-02T00:00:00.000Z,64.05,101.3,10,1150,27,17.58,157,PM2.5
India,Delhi,New Delhi,2026-01-02T01:00:00.000Z,59.485,109.1,9.99,1300,35.54,17.13,154,PM2.5
India,Delhi,New Delhi,2026-01-02T02:00:00.000Z,67.5,131.25,10.65,1300,38.345,14.425,159,PM2.5
India,Delhi,New Delhi,2026-01-02T03:00:00.000Z,78.195,121.275,18.4,1310,35.65,16.5,167,PM2.5
India,Delhi,New Delhi,2026-01-02T04:00:00.000Z,71.2,124.2,25.95,1080,34.92,16.38,162,PM2.5
India,Delhi,New Delhi,2026-01-02T05:00:00.000Z,71.5,118,32.7,870,28.54,10.99,162,PM2.5
India,Delhi,New Delhi,2026-01-02T06:00:00.000Z,68.125,112,41.3,765,26,12.77,160,PM2.5
India,Delhi,New Delhi,2026-01-02T07:00:00.000Z,72,118.81,44.5,875,29.6,13.1,163,PM2.5
India,Delhi,New Delhi,2026-01-02T08:00:00.000Z,74.62,121.715,34.14,880,30.81,12.315,164,PM2.5
India,Delhi,New Delhi,2026-01-02T09:00:00.000Z,79.42,134.5,38.42,870,30.85,11.16,168,PM2.5
India,Delhi,New Delhi,2026-01-02T10:00:00.000Z,83,147.485,31.6,850,39.015,13.93,170,PM2.5
India,Delhi,New Delhi,2026-01-02T11:00:00.000Z,88,143.98,30.98,915,41.775,14.055,174,PM2.5
India,Delhi,New Delhi,2026-01-02T12:00:00.000Z,95,149.565,22.64,1020,46.095,12.365,179,PM2.5
India,Delhi,New Delhi,2026-01-02T13:00:00.000Z,94.5,170.84,14.895,1480,55.215,14.35,178,PM2.5
India,Delhi,New Delhi,2026-01-02T14:00:00.000Z,116.75,197.53,12.665,1630,50.41,15.2,194,PM2.5
India,Delhi,New Delhi,2026-01-02T15:00:00.000Z,109.78,197,12.39,1600,54.1,19.91,189,PM2.5
India,Delhi,New Delhi,2026-01-02T16:00:00.000Z,115.1,200,12.22,1155,52.1,18.1,193,PM2.5
India,Delhi,New Delhi,2026-01-02T17:00:00.000Z,109.175,177,16.495,1140,45.42,13.075,189,PM2.5
India,Delhi,New Delhi,2026-01-02T18:00:00.000Z,116.75,183.775,10.675,1245,43.985,12.585,194,PM2.5
India,Delhi,New Delhi,2026-01-02T19:00:00.000Z,109.75,178.25,10.455,1330,42.625,12.15,189,PM2.5
India,Delhi,New Delhi,2026-01-02T20:00:00.000Z,119.125,192.64,9.19,1290,42.7,13.45,196,PM2.5
India,Delhi,New Delhi,2026-01-02T21:00:00.000Z,116.405,181.06,10,1295,37.005,14.855,194,PM2.5
India,Delhi,New Delhi,2026-01-02T22:00:00.000Z,107.38,186,9.47,1300,39.97,18.15,187,PM2.5
India,Delhi,New Delhi,2026-01-02T23:00:00.000Z,118,199.86,11.4,1180,44.995,18.55,195,PM2.5
India,Delhi,New Delhi,2026-01-03T00:00:00.000Z,129.7,202,11.585,1150,42.365,17.68,205,PM2.5
India,Delhi,New Delhi,2026-01-03T01:00:00.000Z,138.125,223,14.405,1200,43.36,17.77,213,PM2.5
India,Delhi,New Delhi,2026-01-03T02:00:00.000Z,134.73,221,12.035,1305,45.575,14.61,210,PM2.5
India,Delhi,New Delhi,2026-01-03T03:00:00.000Z,119.1,207.55,13.18,1200,49.2,11.75,196,PM2.5
India,Delhi,New Delhi,2026-01-03T04:00:00.000Z,117.505,205.5,15.01,1200,47.2,12.6,194,PM2.5
India,Delhi,New Delhi,2026-01-03T05:00:00.000Z,125,233,22.77,1000,39.01,11.33,200,PM2.5
India,Delhi,New Delhi,2026-01-03T06:00:00.000Z,116.1,206.8,37.88,900,38.95,10.1,193,PM2.5
India,Delhi,New Delhi,2026-01-03T07:00:00.000Z,105,158.65,40.72,940,39.96,11.72,186,PM2.5
India,Delhi,New Delhi,2026-01-03T08:00:00.000Z,106.99,168.265,42.9,800,47.1,14.29,187,PM2.5
India,Delhi,New Delhi,2026-01-03T09:00:00.000Z,111,168,42.265,800,43.055,16.285,190,PM2.5
India,Delhi,New Delhi,2026-01-03T10:00:00.000Z,105.5,181.31,39.33,900,39.545,11.605,186,PM2.5
India,Delhi,New Delhi,2026-01-03T11:00:00.000Z,111,181.875,25.93,980,42.775,14.5,190,PM2.5
India,Delhi,New Delhi,2026-01-03T12:00:00.000Z,119.625,193.615,19.46,1200,51.515,14.68,196,PM2.5
India,Delhi,New Delhi,2026-01-03T13:00:00.000Z,119,215.58,12.005,1440,63.33,15.05,196,PM2.5
India,Delhi,New Delhi,2026-01-03T14:00:00.000Z,134,232,11.74,1700,64.67,16.6,209,PM2.5
India,Delhi,New Delhi,2026-01-03T15:00:00.000Z,133,231.08,12.28,1905,60.27,18,208,PM2.5
India,Delhi,New Delhi,2026-01-03T16:00:00.000Z,153,259.16,12.345,1950,63.245,13.54,228,PM2.5
India,Delhi,New Delhi,2026-01-03T17:00:00.000Z,162.68,261.9,10.39,1850,60.15,14.3,238,PM2.5
India,Delhi,New Delhi,2026-01-03T18:00:00.000Z,156,262.44,9.865,1555,47.39,15.62,231,PM2.5
India,Delhi,New Delhi,2026-01-03T19:00:00.000Z,167,247.055,11.13,1890,49.36,14.95,242,PM2.5
India,Delhi,New Delhi,2026-01-03T20:00:00.000Z,150.57,249.94,10.2,1860,47.14,15.5,226,PM2.5
India,Delhi,New Delhi,2026-01-03T21:00:00.000Z,148.165,237,10.75,1460,45.21,16.77,223,PM2.5
India,Delhi,New Delhi,2026-01-03T22:00:00.000Z,136,236.32,10.515,1500,54.31,16.6,211,PM2.5
India,Delhi,New Delhi,2026-01-03T23:00:00.000Z,134.165,210,10.715,1570,47.81,15.3,210,PM2.5
India,Delhi,New Delhi,2026-01-04T00:00:00.000Z,123.67,204.5,10.575,1095,49.995,14.5,199,PM2.5
India,Delhi,New Delhi,2026-01-04T01:00:00.000Z,145,201,10.25,1165,49,17.98,220,PM2.5
India,Delhi,New Delhi,2026-01-04T02:00:00.000Z,137.28,221,11.22,1100,58.5,12.07,213,PM2.5
India,Delhi,New Delhi,2026-01-04T03:00:00.000Z,129.33,227.805,13.07,1200,48.8,14.985,205,PM2.5
India,Delhi,New Delhi,2026-01-04T04:00:00.000Z,137,215,21.49,1010,49.88,14.965,212,PM2.5
India,Delhi,New Delhi,2026-01-04T05:00:00.000Z,128,206,33.5,1030,44.6,10.68,203,PM2.5
India,Delhi,New Delhi,2026-01-04T06:00:00.000Z,121,189.265,41.65,900,37.825,10.65,197,PM2.5
India,Delhi,New Delhi,2026-01-04T07:00:00.000Z,122.5,185,48.75,800,36.29,11.34,198,PM2.5
India,Delhi,New Delhi,2026-01-04T08:00:00.000Z,120,174,46.31,810,35.45,11.62,196,PM2.5
India,Delhi,New Delhi,2026-01-04T09:00:00.000Z,121.5,176.72,58.8,855,41.095,17.35,197,PM2.5
India,Delhi,New Delhi,2026-01-04T10:00:00.000Z,130,203,48.985,1090,42.78,11.48,205,PM2.5
India,Delhi,New Delhi,2026-01-04T11:00:00.000Z,133,206,30,930,48.7,14.04,208,PM2.5
India,Delhi,New Delhi,2026-01-04T12:00:00.000Z,107.67,208.5,18.91,1000,54.78,13.84,188,PM2.5
India,Delhi,New Delhi,2026-01-04T13:00:00.000Z,100.745,183,20.81,1100,54.2,14.79,183,PM2.5
India,Delhi,New Delhi,2026-01-04T14:00:00.000Z,93.945,184,18.9,1000,46.2,14.465,178,PM2.5
India,Delhi,New Delhi,2026-01-04T15:00:00.000Z,95.4,163,14.99,1205,53.9,18.035,179,PM2.5
India,Delhi,New Delhi,2026-01-04T16:00:00.000Z,91.85,165.64,14.23,1340,48.38,18,176,PM2.5
India,Delhi,New Delhi,2026-01-04T17:00:00.000Z,78.9,166,15.28,1200,51.305,22.87,167,PM2.5
India,Delhi,New Delhi,2026-01-04T18:00:00.000Z,73.4,143,17,1055,38.5,16,164,PM2.5
India,Delhi,New Delhi,2026-01-04T19:00:00.000Z,70,126.49,27.3,910,33,14.045,161,PM2.5
India,Delhi,New Delhi,2026-01-04T20:00:00.000Z,73.53,133.75,20,800,35.135,15.04,164,PM2.5
India,Delhi,New Delhi,2026-01-04T21:00:00.000Z,83,145.115,19.27,850,33.87,13.37,170,PM2.5
India,Delhi,New Delhi,2026-01-04T22:00:00.000Z,88.5,167.11,19.91,900,32.9,12.57,174,PM2.5
India,Delhi,New Delhi,2026-01-04T23:00:00.000Z,101.625,183.26,21.925,850,33.5,13.42,183,PM2.5
India,Delhi,New Delhi,2026-01-05T00:00:00.000Z,94.11,178,26,795,34.29,17.51,178,PM2.5
India,Delhi,New Delhi,2026-01-05T01:00:00.000Z,88.29,158,25.815,790,38.23,17.54,174,PM2.5
India,Delhi,New Delhi,2026-01-05T02:00:00.000Z,82.73,157.775,23.37,810,35.94,11.4,170,PM2.5
India,Delhi,New Delhi,2026-01-05T03:00:00.000Z,88.75,168.5,28.47,800,36.36,13.565,174,PM2.5
India,Delhi,New Delhi,2026-01-05T04:00:00.000Z,90.44,174.85,31.565,800,38.53,14.44,175,PM2.5
India,Delhi,New Delhi,2026-01-05T05:00:00.000Z,106.625,195,35.82,880,37.595,12.365,187,PM2.5
India,Delhi,New Delhi,2026-01-05T06:00:00.000Z,112.235,191,45.55,995,42.765,11.31,191,PM2.5
India,Delhi,New Delhi,2026-01-05T07:00:00.000Z,112.4,204,59.2,860,41.545,11.8,191,PM2.5
India,Delhi,New Delhi,2026-01-05T08:00:00.000Z,118.92,200.44,71.68,900,44,12.4,195,PM2.5
India,Delhi,New Delhi,2026-01-05T09:00:00.000Z,112.5,209.08,58.3,860,40.04,14.56,191,PM2.5
India,Delhi,New Delhi,2026-01-05T10:00:00.000Z,106,200.65,47.34,895,40.5,13.425,186,PM2.5
India,Delhi,New Delhi,2026-01-05T11:00:00.000Z,118,204,32.8,1160,48,17.8,195,PM2.5
India,Delhi,New Delhi,2026-01-05T12:00:00.000Z,121.8,230.56,20.55,1700,57.4,18.57,197,PM2.5
India,Delhi,New Delhi,2026-01-05T13:00:00.000Z,138.955,256,14.85,1770,67.13,19.4,214,PM2.5
India,Delhi,New Delhi,2026-01-05T14:00:00.000Z,162.725,272.57,11.57,1830,67.18,18.995,238,PM2.5
India,Delhi,New Delhi,2026-01-05T15:00:00.000Z,165,288.67,12.395,2170,70.4,19.225,240,PM2.5
India,Delhi,New Delhi,2026-01-05T16:00:00.000Z,159.7,264.95,12.09,1810,64.555,14.83,235,PM2.5
India,Delhi,New Delhi,2026-01-05T17:00:00.000Z,158,280,10.18,2000,59.4,19.745,233,PM2.5
India,Delhi,New Delhi,2026-01-05T18:00:00.000Z,155.18,252.475,10.23,1750,52.98,19.6,230,PM2.5
India,Delhi,New Delhi,2026-01-05T19:00:00.000Z,136,234.5,10,1500,44.83,20.48,211,PM2.5
India,Delhi,New Delhi,2026-01-05T20:00:00.000Z,125.905,205.475,10.95,1520,47.85,20.6,201,PM2.5
India,Delhi,New Delhi,2026-01-05T21:00:00.000Z,122.335,198,12.31,1080,46.15,20.48,198,PM2.5
India,Delhi,New Delhi,2026-01-05T22:00:00.000Z,117.68,192.625,12.23,1010,45,16.77,195,PM2.5
India,Delhi,New Delhi,2026-01-05T23:00:00.000Z,120.125,201.16,14.12,970,38.23,14.56,196,PM2.5
India,Delhi,New Delhi,2026-01-06T00:00:00.000Z,127,201,11.13,1000,40.23,15.83,202,PM2.5
India,Delhi,New Delhi,2026-01-06T01:00:00.000Z,127,210,10.35,1200,40.345,15.98,202,PM2.5
India,Delhi,New Delhi,2026-01-06T02:00:00.000Z,129.95,222.45,11.855,1065,39.025,15.92,205,PM2.5
India,Delhi,New Delhi,2026-01-06T03:00:00.000Z,143.27,244.265,14.54,1200,47.16,16.57,219,PM2.5
India,Delhi,New Delhi,2026-01-06T04:00:00.000Z,136,238,19.95,1200,43.315,13.95,211,PM2.5
India,Delhi,New Delhi,2026-01-06T05:00:00.000Z,136.55,251,23.2,1220,47.56,20.475,212,PM2.5
India,Delhi,New Delhi,2026-01-06T06:00:00.000Z,159.825,251,30.5,1165,46.95,17.2,235,PM2.5
India,Delhi,New Delhi,2026-01-06T07:00:00.000Z,156.35,262,34.9,960,40.64,18.52,232,PM2.5
India,Delhi,New Delhi,2026-01-06T08:00:00.000Z,155.675,251.14,36.515,1050,40.61,19.79,231,PM2.5
India,Delhi,New Delhi,2026-01-06T09:00:00.000Z,152.3,260,35.46,1200,39.72,23.2,228,PM2.5
India,Delhi,New Delhi,2026-01-06T10:00:00.000Z,134,242,27.6,910,46.2,22.775,209,PM2.5
India,Delhi,New Delhi,2026-01-06T11:00:00.000Z,139.93,255.75,20.31,1100,53.88,20.675,215,PM2.5
India,Delhi,New Delhi,2026-01-06T12:00:00.000Z,129.76,246.1,16.92,1060,47.515,21.085,205,PM2.5
India,Delhi,New Delhi,2026-01-06T13:00:00.000Z,144.81,244.5,13.99,1390,50.565,21.93,220,PM2.5
India,Delhi,New Delhi,2026-01-06T14:00:00.000Z,128,239.375,14.025,1195,46.465,21.77,203,PM2.5
India,Delhi,New Delhi,2026-01-06T15:00:00.000Z,120.875,239.97,15.55,1115,44.61,20.68,197,PM2.5
India,Delhi,New Delhi,2026-01-06T16:00:00.000Z,113,223.5,20.28,1045,40.16,20,191,PM2.5
India,Delhi,New Delhi,2026-01-06T17:00:00.000Z,106,213.75,19.3,1025,38.985,20.05,186,PM2.5
India,Delhi,New Delhi,2026-01-06T18:00:00.000Z,99,195.62,21.95,740,35.1,17.4,181,PM2.5
India,Delhi,New Delhi,2026-01-06T19:00:00.000Z,93.97,188.57,23.25,795,28.82,14.595,178,PM2.5
India,Delhi,New Delhi,2026-01-06T20:00:00.000Z,93.67,178.12,22.395,925,35.64,14.13,178,PM2.5
India,Delhi,New Delhi,2026-01-06T21:00:00.000Z,91,180.75,23.29,820,34.24,17.43,176,PM2.5
India,Delhi,New Delhi,2026-01-06T22:00:00.000Z,87,158.525,26.14,640,31.19,17.715,173,PM2.5
India,Delhi,New Delhi,2026-01-06T23:00:00.000Z,82.1,166,28.71,510,36.3,19.6,170,PM2.5
India,Delhi,New Delhi,2026-01-07T00:00:00.000Z,79.77,158.02,28.75,510,34.75,22.365,168,PM2.5
India,Delhi,New Delhi,2026-01-07T01:00:00.000Z,76.285,164.625,27.85,520,32.97,24.15,166,PM2.5
India,Delhi,New Delhi,2026-01-07T02:00:00.000Z,78.25,163.88,26.85,565,34.73,18.34,167,PM2.5
India,Delhi,New Delhi,2026-01-07T03:00:00.000Z,90.585,159.5,26.785,635,38.09,16.6,176,PM2.5
India,Delhi,New Delhi,2026-01-07T04:00:00.000Z,103.95,188,33.33,1100,36.08,7.685,185,PM2.5
India,Delhi,New Delhi,2026-01-07T05:00:00.000Z,115,206.74,33.85,990,38.18,9,193,PM2.5
India,Delhi,New Delhi,2026-01-07T06:00:00.000Z,131,216.25,41.94,1060,42.65,19.615,206,PM2.5
India,Delhi,New Delhi,2026-01-07T07:00:00.000Z,142.5,231.07,54.62,1070,39.17,19.155,218,PM2.5
India,Delhi,New Delhi,2026-01-07T08:00:00.000Z,145,244.905,48.96,1200,42.1,21.405,220,PM2.5
India,Delhi,New Delhi,2026-01-07T09:00:00.000Z,141,259.615,62.295,1200,44.24,17.59,216,PM2.5
India,Delhi,New Delhi,2026-01-07T10:00:00.000Z,137.6,249,56.02,1300,43.7,20.12,213,PM2.5
India,Delhi,New Delhi,2026-01-07T11:00:00.000Z,142.77,251,38.64,1300,58.95,20.34,218,PM2.5
India,Delhi,New Delhi,2026-01-07T12:00:00.000Z,125,248.55,15.87,1585,57.4,21.35,200,PM2.5
India,Delhi,New Delhi,2026-01-07T13:00:00.000Z,154.81,271.25,10.1,1830,64.7,20.15,230,PM2.5
India,Delhi,New Delhi,2026-01-07T14:00:00.000Z,167,285.6,11.28,2340,55.38,22.8,242,PM2.5
India,Delhi,New Delhi,2026-01-07T15:00:00.000Z,157.77,300,10.765,1980,61.365,23.51,233,PM2.5
India,Delhi,New Delhi,2026-01-07T16:00:00.000Z,168,287,9.59,1900,52.91,20.62,243,PM2.5
India,Delhi,New Delhi,2026-01-07T17:00:00.000Z,150.8,279.95,9.945,1650,44.655,17.975,226,PM2.5
India,Delhi,New Delhi,2026-01-07T18:00:00.000Z,117.95,237,7.925,1425,42.8,20.835,195,PM2.5
India,Delhi,New Delhi,2026-01-07T19:00:00.000Z,109.57,179,9.9,990,38.32,16.6,189,PM2.5
India,Delhi,New Delhi,2026-01-07T20:00:00.000Z,89.5,153,17.2,950,34.91,15.36,175,PM2.5
India,Delhi,New Delhi,2026-01-07T21:00:00.000Z,86.195,153.115,20,730,37.86,15.69,172,PM2.5
India,Delhi,New Delhi,2026-01-07T22:00:00.000Z,88,140,20.69,785,32.85,11.44,174,PM2.5
India,Delhi,New Delhi,2026-01-07T23:00:00.000Z,81.125,138,21.3,930,29.1,12.6,169,PM2.5
India,Delhi,New Delhi,2026-01-08T00:00:00.000Z,81.97,136,17.88,700,35.86,11.235,170,PM2.5
India,Delhi,New Delhi,2026-01-08T01:00:00.000Z,77.29,139.55,16.885,750,38.49,9.95,166,PM2.5
India,Delhi,New Delhi,2026-01-08T02:00:00.000Z,84.25,142.7,17.7,1090,38.22,10.1,171,PM2.5
India,Delhi,New Delhi,2026-01-08T03:00:00.000Z,92.425,165.175,18.99,1040,34.805,12.365,177,PM2.5
India,Delhi,New Delhi,2026-01-08T04:00:00.000Z,105.84,193.875,25.8,1135,38.3,10.4,186,PM2.5
India,Delhi,New Delhi,2026-01-08T05:00:00.000Z,123.5,220.435,31.59,1185,44.455,11.45,199,PM2.5
India,Delhi,New Delhi,2026-01-08T06:00:00.000Z,163,250.415,47.22,1235,45.15,12.99,238,PM2.5
India,Delhi,New Delhi,2026-01-08T07:00:00.000Z,163,271.5,62.95,1465,50.2,12.165,238,PM2.5
India,Delhi,New Delhi,2026-01-08T08:00:00.000Z,165,284.2,58.75,1285,56.075,16.27,240,PM2.5
India,Delhi,New Delhi,2026-01-08T09:00:00.000Z,157.035,301.85,73.15,1215,43.155,14,232,PM2.5
India,Delhi,New Delhi,2026-01-08T10:00:00.000Z,160,325,75.85,1250,55.15,13.475,235,PM2.5
India,Delhi,New Delhi,2026-01-08T11:00:00.000Z,166.435,334.25,45.645,1300,60.415,16.99,242,PM2.5
India,Delhi,New Delhi,2026-01-08T12:00:00.000Z,178,330,13.7,1955,90.35,10.2,253,PM2.5
India,Delhi,New Delhi,2026-01-08T13:00:00.000Z,168.52,349.05,10.765,2300,83.3,15.995,244,PM2.5
India,Delhi,New Delhi,2026-01-08T14:00:00.000Z,149,355.575,10,1880,75.25,13.995,224,PM2.5
India,Delhi,New Delhi,2026-01-08T15:00:00.000Z,157.38,348.5,10.56,2345,62.615,19.24,233,PM2.5
India,Delhi,New Delhi,2026-01-08T16:00:00.000Z,154.8,357,12.13,2400,64.6,16.96,230,PM2.5
India,Delhi,New Delhi,2026-01-08T17:00:00.000Z,158.8,355.17,8.55,2100,60.4,22.08,234,PM2.5
India,Delhi,New Delhi,2026-01-08T18:00:00.000Z,142.84,320,9.16,1815,53.74,21.905,218,PM2.5
India,Delhi,New Delhi,2026-01-08T19:00:00.000Z,147.2,302.55,9.75,1480,50.4,21.83,223,PM2.5
India,Delhi,New Delhi,2026-01-08T20:00:00.000Z,153.21,285.67,9.39,1550,50.18,22.655,228,PM2.5
India,Delhi,New Delhi,2026-01-08T21:00:00.000Z,144.42,279,9.5,1650,46.96,18.61,220,PM2.5
India,Delhi,New Delhi,2026-01-08T22:00:00.000Z,122.97,289.2,8.665,1340,43.395,11.8,198,PM2.5
India,Delhi,New Delhi,2026-01-08T23:00:00.000Z,112.59,267,8.14,1230,37.8,10.4,191,PM2.5
India,Delhi,New Delhi,2026-01-09T00:00:00.000Z,108.005,213,8.45,1200,37.8,11.6,188,PM2.5
India,Delhi,New Delhi,2026-01-09T01:00:00.000Z,110.72,209.78,9.1,1300,43.07,15.955,190,PM2.5
India,Delhi,New Delhi,2026-01-09T02:00:00.000Z,99.69,212,11.41,1480,49.315,17.61,182,PM2.5
India,Delhi,New Delhi,2026-01-09T03:00:00.000Z,112.29,240.5,13.605,1430,50.69,18.37,191,PM2.5
India,Delhi,New Delhi,2026-01-09T04:00:00.000Z,144.415,290.65,15.18,1700,65.565,16.46,220,PM2.5
India,Delhi,New Delhi,2026-01-09T05:00:00.000Z,196.5,351.715,25.7,1500,64.28,17.965,271,PM2.5
India,Delhi,New Delhi,2026-01-09T06:00:00.000Z,226,379.5,35.58,1290,78.4,17.8,302,PM2.5
India,Delhi,New Delhi,2026-01-09T07:00:00.000Z,215,354.5,53.35,1130,72.14,15.29,290,PM2.5
India,Delhi,New Delhi,2026-01-09T08:00:00.000Z,188,349.22,65.58,1215,63.25,13.61,263,PM2.5
India,Delhi,New Delhi,2026-01-09T09:00:00.000Z,201.125,376.825,67.875,1445,65.965,16.7,276,PM2.5
India,Delhi,New Delhi,2026-01-09T10:00:00.000Z,227.5,401,57.47,1780,74.1,16.05,305,PM2.5
India,Delhi,New Delhi,2026-01-09T11:00:00.000Z,201.5,360.25,29.8,1455,92.53,23.2,276,PM2.5
India,Delhi,New Delhi,2026-01-09T12:00:00.000Z,192,343,18,1630,109,16.05,267,PM2.5
India,Delhi,New Delhi,2026-01-09T13:00:00.000Z,188,349.36,13.48,1850,98.8,18.95,263,PM2.5
India,Delhi,New Delhi,2026-01-09T14:00:00.000Z,224.91,381,12.91,2360,85.35,19.005,300,PM2.5
India,Delhi,New Delhi,2026-01-09T15:00:00.000Z,225.07,393.5,13.485,2405,73.59,18.205,300,PM2.5
India,Delhi,New Delhi,2026-01-09T16:00:00.000Z,229,401,10.55,2500,69.15,18.49,308,PM2.5
India,Delhi,New Delhi,2026-01-09T17:00:00.000Z,211.53,382.525,10.05,1900,64.95,19.17,286,PM2.5
India,Delhi,New Delhi,2026-01-09T18:00:00.000Z,184.81,343.6,10.45,1900,51.4,17.635,260,PM2.5
India,Delhi,New Delhi,2026-01-09T19:00:00.000Z,172.35,343.48,11.3,2015,51.95,19.35,247,PM2.5
India,Delhi,New Delhi,2026-01-09T20:00:00.000Z,158,327.8,13.3,1680,49.38,19.48,233,PM2.5
India,Delhi,New Delhi,2026-01-09T21:00:00.000Z,159.125,301,13.505,1540,46.52,15.2,234,PM2.5
India,Delhi,New Delhi,2026-01-09T22:00:00.000Z,138,265.25,12,1285,49.9,12.2,213,PM2.5
India,Delhi,New Delhi,2026-01-09T23:00:00.000Z,133.46,255.63,10.97,1375,41.29,15.56,209,PM2.5
India,Delhi,New Delhi,2026-01-10T00:00:00.000Z,136.415,261,10.2,1355,42.8,16.37,212,PM2.5
India,Delhi,New Delhi,2026-01-10T01:00:00.000Z,135.465,266,10.6,1435,46.29,15.93,211,PM2.5
India,Delhi,New Delhi,2026-01-10T02:00:00.000Z,139,310.38,12.36,1470,51.95,18.72,214,PM2.5
India,Delhi,New Delhi,2026-01-10T03:00:00.000Z,195,310,12.99,1465,58.5,19.335,270,PM2.5
India,Delhi,New Delhi,2026-01-10T04:00:00.000Z,188,318.55,13.71,1415,65.3,13.275,263,PM2.5
India,Delhi,New Delhi,2026-01-10T05:00:00.000Z,185,311.215,22.625,1180,63.405,13.07,260,PM2.5
India,Delhi,New Delhi,2026-01-10T06:00:00.000Z,151,266,32.55,1000,56.1,15.89,226,PM2.5
India,Delhi,New Delhi,2026-01-10T07:00:00.000Z,122.7,225.705,65.4,920,52,13.63,198,PM2.5
India,Delhi,New Delhi,2026-01-10T08:00:00.000Z,101,199.5,83.43,845,47.69,11,183,PM2.5
India,Delhi,New Delhi,2026-01-10T09:00:00.000Z,82,172.25,82.12,750,43.5,8.35,170,PM2.5
India,Delhi,New Delhi,2026-01-10T10:00:00.000Z,81.875,157.75,72,890,43.2,11.555,169,PM2.5
India,Delhi,New Delhi,2026-01-10T11:00:00.000Z,87.1,162,43.93,990,56.6,14.3,173,PM2.5
India,Delhi,New Delhi,2026-01-10T12:00:00.000Z,88,181,19.15,1300,78.8,15.85,174,PM2.5
India,Delhi,New Delhi,2026-01-10T13:00:00.000Z,123,233.135,13.68,1650,90.69,15.67,198,PM2.5
India,Delhi,New Delhi,2026-01-10T14:00:00.000Z,137.5,247.44,14.61,1765,86.48,17.34,213,PM2.5
India,Delhi,New Delhi,2026-01-10T15:00:00.000Z,156.47,248,14.41,1740,78.41,16.71,232,PM2.5
India,Delhi,New Delhi,2026-01-10T16:00:00.000Z,154.72,258.5,12.67,1600,77.72,16.64,230,PM2.5
India,Delhi,New Delhi,2026-01-10T17:00:00.000Z,143,259,10.63,1450,63.35,11.85,218,PM2.5
India,Delhi,New Delhi,2026-01-10T18:00:00.000Z,144.75,232.775,10.46,1245,58.95,14.86,220,PM2.5
India,Delhi,New Delhi,2026-01-10T19:00:00.000Z,146,216.5,10.785,1130,51.965,15.64,221,PM2.5
India,Delhi,New Delhi,2026-01-10T20:00:00.000Z,120.57,206.16,9.21,1060,52.055,15.33,197,PM2.5
India,Delhi,New Delhi,2026-01-10T21:00:00.000Z,124.605,200,9.75,1000,48.465,11.025,199,PM2.5
India,Delhi,New Delhi,2026-01-10T22:00:00.000Z,117.5,197.61,9.405,1160,47.555,11.91,194,PM2.5
India,Delhi,New Delhi,2026-01-10T23:00:00.000Z,131.47,195.375,9.73,1160,45.45,12.39,207,PM2.5
India,Delhi,New Delhi,2026-01-11T00:00:00.000Z,131.4,212,9.705,1170,47.125,13.245,207,PM2.5
India,Delhi,New Delhi,2026-01-11T01:00:00.000Z,128.25,206.875,9.675,1240,45.335,9.21,204,PM2.5
India,Delhi,New Delhi,2026-01-11T02:00:00.000Z,128.09,202.25,11.75,1350,37.275,13.5,203,PM2.5
India,Delhi,New Delhi,2026-01-11T03:00:00.000Z,116.95,193.455,15.505,1390,43.8,16.63,194,PM2.5
India,Delhi,New Delhi,2026-01-11T04:00:00.000Z,134,218.5,25.35,1340,42.77,13.435,209,PM2.5
India,Delhi,New Delhi,2026-01-11T05:00:00.000Z,149,228,34.475,1300,45.18,13.985,224,PM2.5
India,Delhi,New Delhi,2026-01-11T06:00:00.000Z,163,245.25,41.225,1180,44.19,12.2,238,PM2.5
India,Delhi,New Delhi,2026-01-11T07:00:00.000Z,130.925,216.45,56.04,1100,41.99,11.6,206,PM2.5
India,Delhi,New Delhi,2026-01-11T08:00:00.000Z,109.86,221,70.5,890,40.5,10.1,189,PM2.5
India,Delhi,New Delhi,2026-01-11T09:00:00.000Z,85,178,77.325,675,33.25,8.18,172,PM2.5
India,Delhi,New Delhi,2026-01-11T10:00:00.000Z,72.88,154.445,78.7,820,35.875,9.91,163,PM2.5
India,Delhi,New Delhi,2026-01-11T11:00:00.000Z,77.5,141,44.425,920,48.245,13.44,166,PM2.5
India,Delhi,New Delhi,2026-01-11T12:00:00.000Z,104,185.01,24.6,1500,68.8,16.505,185,PM2.5
India,Delhi,New Delhi,2026-01-11T13:00:00.000Z,140,246,15.925,1970,83.9,12.94,215,PM2.5
India,Delhi,New Delhi,2026-01-11T14:00:00.000Z,142.65,268,14.355,2000,87.67,14.64,218,PM2.5
India,Delhi,New Delhi,2026-01-11T15:00:00.000Z,160.84,265,13.555,1775,76.71,12.235,236,PM2.5
India,Delhi,New Delhi,2026-01-11T16:00:00.000Z,153.96,266,14.01,1520,62.635,12.21,229,PM2.5
India,Delhi,New Delhi,2026-01-11T17:00:00.000Z,136.3,262.2,13.565,1370,68.945,10.74,212,PM2.5
India,Delhi,New Delhi,2026-01-11T18:00:00.000Z,136,244,14.71,1080,62.785,12.995,211,PM2.5
India,Delhi,New Delhi,2026-01-11T19:00:00.000Z,124.1,238.61,15.055,970,59.71,13.89,199,PM2.5
India,Delhi,New Delhi,2026-01-11T20:00:00.000Z,124.05,206.05,15.17,940,53.7,13.805,199,PM2.5
India,Delhi,New Delhi,2026-01-11T21:00:00.000Z,130.42,211,11.75,970,46.2,11.615,206,PM2.5
India,Delhi,New Delhi,2026-01-11T22:00:00.000Z,117.73,220.265,10.275,1045,48.19,9.975,195,PM2.5
India,Delhi,New Delhi,2026-01-11T23:00:00.000Z,119.4,194.76,10.81,1100,46.345,15.3,196,PM2.5
India,Delhi,New Delhi,2026-01-12T00:00:00.000Z,124.9,213.675,10.625,1100,50.01,18.92,200,PM2.5
India,Delhi,New Delhi,2026-01-12T01:00:00.000Z,130.3,217,10,1225,48.85,7.3,206,PM2.5
India,Delhi,New Delhi,2026-01-12T02:00:00.000Z,131.2,253.435,11.475,1315,50.66,10.25,207,PM2.5
India,Delhi,New Delhi,2026-01-12T03:00:00.000Z,159.93,276.73,15.525,1350,60.83,13.035,235,PM2.5
India,Delhi,New Delhi,2026-01-12T04:00:00.000Z,156.5,301.05,32.7,1400,65.75,13.31,232,PM2.5
India,Delhi,New Delhi,2026-01-12T05:00:00.000Z,169,280.97,53.935,1395,62.455,11.785,244,PM2.5
India,Delhi,New Delhi,2026-01-12T06:00:00.000Z,122,241.4,79.335,1050,51.8,10.4,198,PM2.5
India,Delhi,New Delhi,2026-01-12T07:00:00.000Z,111,222.625,100,1000,44.2,14.09,190,PM2.5
India,Delhi,New Delhi,2026-01-12T08:00:00.000Z,101,193,103.2,790,35.6,17.9,183,PM2.5
India,Delhi,New Delhi,2026-01-12T09:00:00.000Z,77,159.725,97.75,700,35.7,12.29,166,PM2.5
India,Delhi,New Delhi,2026-01-12T10:00:00.000Z,62,144.55,86.085,785,35.5,12.145,156,PM2.5
India,Delhi,New Delhi,2026-01-12T11:00:00.000Z,64,144,36.6,1000,53.115,12.07,157,PM2.5
India,Delhi,New Delhi,2026-01-12T12:00:00.000Z,82.1,195,16.12,1830,90.6,16.135,170,PM2.5
India,Delhi,New Delhi,2026-01-12T13:00:00.000Z,128.5,287.5,13.885,3700,106.96,17.72,204,PM2.5
India,Delhi,New Delhi,2026-01-12T14:00:00.000Z,178,373,13.42,4500,102.525,17.7,253,PM2.5
India,Delhi,New Delhi,2026-01-12T15:00:00.000Z,225,445.5,12.945,4900,94.9,17.9,323,PM10
India,Delhi,New Delhi,2026-01-12T16:00:00.000Z,240.99,459.25,14.765,5130,92.56,17.895,339,PM10
India,Delhi,New Delhi,2026-01-12T17:00:00.000Z,232,405.665,8.805,4620,83.3,17.45,314,PM2.5
India,Delhi,New Delhi,2026-01-12T18:00:00.000Z,243,406.025,7.345,2370,70.9,14.55,336,PM2.5
India,Delhi,New Delhi,2026-01-12T19:00:00.000Z,242,401,9.22,2300,55.945,14.5,334,PM2.5
India,Delhi,New Delhi,2026-01-12T20:00:00.000Z,241.5,362.93,10.28,2480,55.12,13.13,333,PM2.5
India,Delhi,New Delhi,2026-01-12T21:00:00.000Z,225.54,398,10.49,2560,51.775,19.88,301,PM2.5
India,Delhi,New Delhi,2026-01-12T22:00:00.000Z,267.15,362,8.675,2150,52.6,15.39,384,PM2.5
India,Delhi,New Delhi,2026-01-12T23:00:00.000Z,238.42,357.5,9.83,1980,51,19.185,327,PM2.5
India,Delhi,New Delhi,2026-01-13T00:00:00.000Z,215.455,334,10.56,1940,45.2,20.07,290,PM2.5
India,Delhi,New Delhi,2026-01-13T01:00:00.000Z,225.665,356.825,9.98,2130,51.835,21.715,301,PM2.5
India,Delhi,New Delhi,2026-01-13T02:00:00.000Z,244.33,384.5,11.92,2470,61.4,19.2,338,PM2.5
India,Delhi,New Delhi,2026-01-13T03:00:00.000Z,282.17,494.45,13.955,2190,78.95,19.9,414,PM2.5
India,Delhi,New Delhi,2026-01-13T04:00:00.000Z,315,473,17.23,1660,109.82,24.44,479,PM2.5
India,Delhi,New Delhi,2026-01-13T05:00:00.000Z,244,388,46.96,1265,87.7,17.6,338,PM2.5
India,Delhi,New Delhi,2026-01-13T06:00:00.000Z,177.5,354.375,80.6,1300,69.22,12.43,253,PM2.5
India,Delhi,New Delhi,2026-01-13T07:00:00.000Z,132.5,250,87.765,900,53.25,14.285,208,PM2.5
India,Delhi,New Delhi,2026-01-13T08:00:00.000Z,114.25,200,107.95,800,42.95,11.365,192,PM2.5
India,Delhi,New Delhi,2026-01-13T09:00:00.000Z,101.5,189.5,89.375,650,38.05,14.3,183,PM2.5
India,Delhi,New Delhi,2026-01-13T10:00:00.000Z,96.06,197,85,650,44.645,7.32,179,PM2.5
India,Delhi,New Delhi,2026-01-13T11:00:00.000Z,98,175.65,44.64,850,65.3,11.4,181,PM2.5
India,Delhi,New Delhi,2026-01-13T12:00:00.000Z,111,217.43,19.275,1380,90.4,13.805,190,PM2.5
India,Delhi,New Delhi,2026-01-13T13:00:00.000Z,144.5,260.5,10.53,2000,102.1,19.2,220,PM2.5
India,Delhi,New Delhi,2026-01-13T14:00:00.000Z,201,385,10.105,1900,90.78,18.41,276,PM2.5
India,Delhi,New Delhi,2026-01-13T15:00:00.000Z,247.5,389.6,13.665,1950,86.3,17.24,345,PM2.5
India,Delhi,New Delhi,2026-01-13T16:00:00.000Z,251.6,376.44,14.955,2200,74.97,19.51,353,PM2.5
India,Delhi,New Delhi,2026-01-13T17:00:00.000Z,264.825,405.1,12.255,2490,67.94,19.285,379,PM2.5
India,Delhi,New Delhi,2026-01-13T18:00:00.000Z,276,412.93,11.64,2320,64.8,16.135,402,PM2.5
India,Delhi,New Delhi,2026-01-13T19:00:00.000Z,277,381.335,11.68,1880,53.1,16.4,404,PM2.5
India,Delhi,New Delhi,2026-01-13T20:00:00.000Z,246.22,355.41,12.675,1830,55.275,20.035,342,PM2.5
India,Delhi,New Delhi,2026-01-13T21:00:00.000Z,217,344.575,11.275,1600,53.77,13.555,292,PM2.5
India,Delhi,New Delhi,2026-01-13T22:00:00.000Z,209.7,321.225,12.81,1400,57.8,15.205,284,PM2.5
India,Delhi,New Delhi,2026-01-13T23:00:00.000Z,202,315.125,11.175,1290,53.8,12.35,277,PM2.5
India,Delhi,New Delhi,2026-01-14T00:00:00.000Z,180.41,302.03,14.65,1405,55.6,11.2,255,PM2.5
India,Delhi,New Delhi,2026-01-14T01:00:00.000Z,172.38,255.365,14.735,1230,53.575,11.815,247,PM2.5
India,Delhi,New Delhi,2026-01-14T02:00:00.000Z,156.005,298.95,17.17,1420,60.02,11.45,231,PM2.5
India,Delhi,New Delhi,2026-01-14T03:00:00.000Z,175.77,377.665,23.12,1360,56.9,10.61,251,PM2.5
India,Delhi,New Delhi,2026-01-14T04:00:00.000Z,180.38,332.71,31.91,1340,55.84,11.775,255,PM2.5
India,Delhi,New Delhi,2026-01-14T05:00:00.000Z,201.045,298.3,65.335,1095,51.9,13.14,276,PM2.5
India,Delhi,New Delhi,2026-01-14T06:00:00.000Z,183,280.035,79.83,1055,44.545,15.97,258,PM2.5
India,Delhi,New Delhi,2026-01-14T07:00:00.000Z,161,257.8,87.035,1065,39.8,15.1,236,PM2.5
India,Delhi,New Delhi,2026-01-14T08:00:00.000Z,154.48,247.465,108.3,945,32.585,12.71,230,PM2.5
India,Delhi,New Delhi,2026-01-14T09:00:00.000Z,150.66,240.5,129.45,910,40.08,12.305,226,PM2.5
India,Delhi,New Delhi,2026-01-14T10:00:00.000Z,140,232.5,97.9,880,41.175,8.95,215,PM2.5
India,Delhi,New Delhi,2026-01-14T11:00:00.000Z,129,226.875,82.4,1180,42.92,8.985,204,PM2.5
India,Delhi,New Delhi,2026-01-14T12:00:00.000Z,139,244.47,28.365,1285,59.915,10.135,214,PM2.5
India,Delhi,New Delhi,2026-01-14T13:00:00.000Z,166,297.75,16.88,1800,81.6,10.825,241,PM2.5
India,Delhi,New Delhi,2026-01-14T14:00:00.000Z,211,317,12.685,1670,76.9,18.39,286,PM2.5
India,Delhi,New Delhi,2026-01-14T15:00:00.000Z,234.36,346,11.32,1800,72.245,14.5,319,PM2.5
India,Delhi,New Delhi,2026-01-14T16:00:00.000Z,216.725,336,11.4,1560,57.9,16.8,291,PM2.5
India,Delhi,New Delhi,2026-01-14T17:00:00.000Z,202,338.18,13.27,1900,55.545,22.3,277,PM2.5
India,Delhi,New Delhi,2026-01-14T18:00:00.000Z,231,348,12.3,1640,48.35,15,312,PM2.5
India,Delhi,New Delhi,2026-01-14T19:00:00.000Z,206.75,351,13.6,1600,43.44,14.345,281,PM2.5
India,Delhi,New Delhi,2026-01-14T20:00:00.000Z,205,349.22,10.75,1880,41.945,11.195,280,PM2.5
India,Delhi,New Delhi,2026-01-14T21:00:00.000Z,187.125,287.55,9.67,1700,40.2,10.1,262,PM2.5
India,Delhi,New Delhi,2026-01-14T22:00:00.000Z,163,307,9.75,1565,38,13.1,238,PM2.5
India,Delhi,New Delhi,2026-01-14T23:00:00.000Z,155,294,11.72,1500,36.9,13.7,230,PM2.5
India,Delhi,New Delhi,2026-01-15T00:00:00.000Z,128.82,206.82,6.9,1300,41.9,9.285,204,PM2.5
India,Delhi,New Delhi,2026-01-15T01:00:00.000Z,127,191.94,7.3,1380,46.85,9.15,202,PM2.5
India,Delhi,New Delhi,2026-01-15T02:00:00.000Z,117.74,213,7.8,1345,45.3,5.75,195,PM2.5
India,Delhi,New Delhi,2026-01-15T03:00:00.000Z,117.925,231.41,9.2,1545,49.8,8.5,195,PM2.5
India,Delhi,New Delhi,2026-01-15T04:00:00.000Z,129,243,22.78,1500,51.085,9.6,204,PM2.5
India,Delhi,New Delhi,2026-01-15T05:00:00.000Z,167,273.91,39.375,1525,54.48,10.5,242,PM2.5
India,Delhi,New Delhi,2026-01-15T06:00:00.000Z,182.78,301,53.75,1480,58.23,12.32,258,PM2.5
India,Delhi,New Delhi,2026-01-15T07:00:00.000Z,193.5,310,56.8,1500,52.16,15.45,268,PM2.5
India,Delhi,New Delhi,2026-01-15T08:00:00.000Z,166.5,261.615,60.72,1285,51.8,18.43,242,PM2.5
India,Delhi,New Delhi,2026-01-15T09:00:00.000Z,142.31,278.735,83.7,1210,51.005,15.555,218,PM2.5
India,Delhi,New Delhi,2026-01-15T10:00:00.000Z,131.87,240,73,1100,48.885,10.375,207,PM2.5
India,Delhi,New Delhi,2026-01-15T11:00:00.000Z,148.16,242.46,63.725,1270,52.66,12.03,223,PM2.5
India,Delhi,New Delhi,2026-01-15T12:00:00.000Z,169,252.01,24.68,1560,71.3,17.05,244,PM2.5
India,Delhi,New Delhi,2026-01-15T13:00:00.000Z,196.83,318.84,14.38,2210,99.865,18.285,272,PM2.5
India,Delhi,New Delhi,2026-01-15T14:00:00.000Z,191,346.375,11.885,2570,104.775,19.48,266,PM2.5
India,Delhi,New Delhi,2026-01-15T15:00:00.000Z,230,361,13.965,2600,93.92,17.16,310,PM2.5
India,Delhi,New Delhi,2026-01-15T16:00:00.000Z,221,349.75,10.225,2595,85.645,21.23,296,PM2.5
India,Delhi,New Delhi,2026-01-15T17:00:00.000Z,224.03,361.7,9.885,2785,75.35,12.515,299,PM2.5
India,Delhi,New Delhi,2026-01-15T18:00:00.000Z,237,349,10.68,2100,58.38,16.185,324,PM2.5
India,Delhi,New Delhi,2026-01-15T19:00:00.000Z,217,335,12.545,1780,52.25,17.16,292,PM2.5
India,Delhi,New Delhi,2026-01-15T20:00:00.000Z,200.42,301.73,12.425,1770,50.75,17.84,275,PM2.5
India,Delhi,New Delhi,2026-01-15T21:00:00.000Z,183.65,289.75,10.74,1695,53.41,18.565,259,PM2.5
India,Delhi,New Delhi,2026-01-15T22:00:00.000Z,160.03,278.625,11.51,1595,48.535,13.775,235,PM2.5
India,Delhi,New Delhi,2026-01-15T23:00:00.000Z,143,262.76,10,1550,50.135,18.435,218,PM2.5
India,Delhi,New Delhi,2026-01-16T00:00:00.000Z,165,257.035,10.77,1500,46.46,19.855,240,PM2.5
India,Delhi,New Delhi,2026-01-16T01:00:00.000Z,155,269.35,9.99,1435,51.42,13.425,230,PM2.5
India,Delhi,New Delhi,2026-01-16T02:00:00.000Z,173.35,278.06,11.035,1530,54.76,12.2,248,PM2.5
India,Delhi,New Delhi,2026-01-16T03:00:00.000Z,201,302,17.71,1425,66.41,12.6,276,PM2.5
India,Delhi,New Delhi,2026-01-16T04:00:00.000Z,206.75,335,24.84,1390,63,10.04,281,PM2.5
India,Delhi,New Delhi,2026-01-16T05:00:00.000Z,186,309.25,43.135,1305,57.01,13.59,261,PM2.5
India,Delhi,New Delhi,2026-01-16T06:00:00.000Z,161.5,279.625,57.85,1290,55.025,11.765,237,PM2.5
India,Delhi,New Delhi,2026-01-16T07:00:00.000Z,145,282.5,88.385,1285,52.5,10.7,220,PM2.5
India,Delhi,New Delhi,2026-01-16T08:00:00.000Z,132,257,80.34,1050,51.8,14.07,207,PM2.5
India,Delhi,New Delhi,2026-01-16T09:00:00.000Z,102,241,75.8,1175,56.39,12.98,184,PM2.5
India,Delhi,New Delhi,2026-01-16T10:00:00.000Z,113,235,65.945,980,50.65,17.84,191,PM2.5
India,Delhi,New Delhi,2026-01-16T11:00:00.000Z,97,211.5,27.76,1275,60.7,14.405,180,PM2.5
India,Delhi,New Delhi,2026-01-16T12:00:00.000Z,115,237.425,12.385,2310,96.8,15.79,193,PM2.5
India,Delhi,New Delhi,2026-01-16T13:00:00.000Z,149,340.05,14.41,3200,115.3,17.68,224,PM2.5
India,Delhi,New Delhi,2026-01-16T14:00:00.000Z,189,395,11.93,3085,111.95,16.14,264,PM2.5
India,Delhi,New Delhi,2026-01-16T15:00:00.000Z,229.25,443.275,14.65,4265,113.1,12.33,321,PM10
India,Delhi,New Delhi,2026-01-16T16:00:00.000Z,271.5,531,10.38,4800,94.79,19.025,419,PM10
India,Delhi,New Delhi,2026-01-16T17:00:00.000Z,270.5,589.38,11.06,5140,93.53,41.85,483,PM10
India,Delhi,New Delhi,2026-01-16T18:00:00.000Z,300.5,548.875,13.07,2420,85.1,13.29,450,PM2.5
India,Delhi,New Delhi,2026-01-16T19:00:00.000Z,329,575,12.3,2540,72.55,14.45,507,PM2.5
India,Delhi,New Delhi,2026-01-16T20:00:00.000Z,320.59,541,10.135,2600,66,8.5,490,PM2.5
India,Delhi,New Delhi,2026-01-16T21:00:00.000Z,310,506,11.135,2300,69.36,9.1,469,PM2.5
India,Delhi,New Delhi,2026-01-16T22:00:00.000Z,310,450,9.6,2280,53.99,10.2,469,PM2.5
India,Delhi,New Delhi,2026-01-16T23:00:00.000Z,263.5,418.42,10.4,2355,50.77,13.21,377,PM2.5
India,Delhi,New Delhi,2026-01-17T00:00:00.000Z,234,411.07,9.57,2320,44.28,12.7,318,PM2.5
India,Delhi,New Delhi,2026-01-17T01:00:00.000Z,234,371.23,10.5,2555,52.79,14.7,318,PM2.5
India,Delhi,New Delhi,2026-01-17T02:00:00.000Z,212.91,345.65,14.825,2700,46.5,14.63,288,PM2.5
India,Delhi,New Delhi,2026-01-17T03:00:00.000Z,215,357.72,13.82,2695,69.7,15.6,290,PM2.5
India,Delhi,New Delhi,2026-01-17T04:00:00.000Z,226.875,368,15.35,2565,80.1,15.45,304,PM2.5
India,Delhi,New Delhi,2026-01-17T05:00:00.000Z,283.725,413.42,26.8,2640,95.75,15.75,417,PM2.5
India,Delhi,New Delhi,2026-01-17T06:00:00.000Z,303,474.975,49.6,2425,91.7,13.43,455,PM2.5
India,Delhi,New Delhi,2026-01-17T07:00:00.000Z,256,393,48.295,1960,82.8,8.9,362,PM2.5
India,Delhi,New Delhi,2026-01-17T08:00:00.000Z,248,411,72.08,1830,82.8,11.12,346,PM2.5
India,Delhi,New Delhi,2026-01-17T09:00:00.000Z,248.36,466,90.17,1820,88,10.835,347,PM10
India,Delhi,New Delhi,2026-01-17T10:00:00.000Z,281,476,88.35,1875,92.8,11,412,PM2.5
India,Delhi,New Delhi,2026-01-17T11:00:00.000Z,305.5,504,35.375,2210,116,12.345,460,PM2.5
India,Delhi,New Delhi,2026-01-17T12:00:00.000Z,317,519.725,16.425,2795,122.765,10.76,483,PM2.5
India,Delhi,New Delhi,2026-01-17T13:00:00.000Z,325.56,485.655,11.03,3500,125.275,15.14,500,PM2.5
India,Delhi,New Delhi,2026-01-17T14:00:00.000Z,315.5,528.375,11.98,3690,111.1,17.29,480,PM2.5
India,Delhi,New Delhi,2026-01-17T15:00:00.000Z,353,600.5,8.655,4720,99.52,15.41,555,PM2.5
India,Delhi,New Delhi,2026-01-17T16:00:00.000Z,405.53,635,14.315,5110,77.025,13.4,660,PM2.5
India,Delhi,New Delhi,2026-01-17T17:00:00.000Z,407.53,705.4,16.47,5310,92.2,14.66,664,PM2.5
India,Delhi,New Delhi,2026-01-17T18:00:00.000Z,358,682.06,26.2,3390,84.41,7.835,587,PM10
India,Delhi,New Delhi,2026-01-17T19:00:00.000Z,367.15,614,16.57,3615,71.34,9.935,583,PM2.5
India,Delhi,New Delhi,2026-01-17T20:00:00.000Z,345,516.25,10.93,3395,50.72,12.01,539,PM2.5
India,Delhi,New Delhi,2026-01-17T21:00:00.000Z,326.925,499,13,2625,40,12.2,503,PM2.5
India,Delhi,New Delhi,2026-01-17T22:00:00.000Z,337,479.875,10.51,2890,33.3,12.45,523,PM2.5
India,Delhi,New Delhi,2026-01-17T23:00:00.000Z,362,475.5,11.04,2845,32.54,12.23,573,PM2.5
India,Delhi,New Delhi,2026-01-18T00:00:00.000Z,346,433,10.83,3340,37.02,12.1,541,PM2.5
India,Delhi,New Delhi,2026-01-18T01:00:00.000Z,298,441,15.75,3580,41.5,13.745,445,PM2.5
India,Delhi,New Delhi,2026-01-18T02:00:00.000Z,362.715,475.31,17.11,3500,56.7,12.7,574,PM2.5
India,Delhi,New Delhi,2026-01-18T03:00:00.000Z,337,492,17.035,2310,80.19,11.15,523,PM2.5
India,Delhi,New Delhi,2026-01-18T04:00:00.000Z,368.65,458.465,21.19,2225,73.8,10.7,586,PM2.5
India,Delhi,New Delhi,2026-01-18T05:00:00.000Z,322,372,56.49,2105,80.6,7.9,493,PM2.5
India,Delhi,New Delhi,2026-01-18T06:00:00.000Z,244,356.5,46.4,1400,66.43,9.81,338,PM2.5
India,Delhi,New Delhi,2026-01-18T07:00:00.000Z,238.925,332.725,81.78,1490,57.17,8.7,328,PM2.5
India,Delhi,New Delhi,2026-01-18T08:00:00.000Z,183,288.865,72.865,1290,44.04,6.9,258,PM2.5
India,Delhi,New Delhi,2026-01-18T09:00:00.000Z,172,243,73.96,1410,46.9,9.48,247,PM2.5
India,Delhi,New Delhi,2026-01-18T10:00:00.000Z,159,260.7,57.74,1335,52.84,5.6,234,PM2.5
India,Delhi,New Delhi,2026-01-18T11:00:00.000Z,157,271,31.13,1400,61.7,6.42,232,PM2.5
India,Delhi,New Delhi,2026-01-18T12:00:00.000Z,182,312,18.23,1645,95.93,7.15,257,PM2.5
India,Delhi,New Delhi,2026-01-18T13:00:00.000Z,208,388.2,14.265,1920,96.1,13.675,283,PM2.5
India,Delhi,New Delhi,2026-01-18T14:00:00.000Z,237.5,407,14.2,2600,90.425,14.695,325,PM2.5
India,Delhi,New Delhi,2026-01-18T15:00:00.000Z,264,465,11.34,3200,76.3,11.13,378,PM2.5
India,Delhi,New Delhi,2026-01-18T16:00:00.000Z,322.5,501,11.655,2840,62,10.21,494,PM2.5
India,Delhi,New Delhi,2026-01-18T17:00:00.000Z,323.4,508,12.91,3700,54.855,16.875,496,PM2.5
India,Delhi,New Delhi,2026-01-18T18:00:00.000Z,312,516,8.5,2770,52.05,15.07,473,PM2.5
India,Delhi,New Delhi,2026-01-18T19:00:00.000Z,349,500,10.58,2925,50.665,18.32,547,PM2.5
India,Delhi,New Delhi,2026-01-18T20:00:00.000Z,350.5,448,12.09,2600,46.97,17.725,550,PM2.5
India,Delhi,New Delhi,2026-01-18T21:00:00.000Z,339.76,432,15.29,2570,48.23,17.18,528,PM2.5
India,Delhi,New Delhi,2026-01-18T22:00:00.000Z,338,411.875,15.62,2050,45.27,9.1,525,PM2.5
India,Delhi,New Delhi,2026-01-18T23:00:00.000Z,311,382.4,15.1,2640,45.07,11.205,471,PM2.5
India,Delhi,New Delhi,2026-01-19T00:00:00.000Z,298.25,370.56,15.405,2770,44.15,16.395,446,PM2.5
India,Delhi,New Delhi,2026-01-19T01:00:00.000Z,301,407.37,15.93,2855,45.05,12.825,451,PM2.5
India,Delhi,New Delhi,2026-01-19T02:00:00.000Z,293,418,17,2530,50.69,14.395,435,PM2.5
India,Delhi,New Delhi,2026-01-19T03:00:00.000Z,337,493,20.38,2230,98.35,15.155,523,PM2.5
India,Delhi,New Delhi,2026-01-19T04:00:00.000Z,372.59,521.73,23.12,1775,106,14.9,594,PM2.5
India,Delhi,New Delhi,2026-01-19T05:00:00.000Z,279.34,469,45.1,1440,79.39,17.03,408,PM2.5
India,Delhi,New Delhi,2026-01-19T06:00:00.000Z,212,349.7,79.265,1145,73.125,14.96,287,PM2.5
India,Delhi,New Delhi,2026-01-19T07:00:00.000Z,175.5,313,98.1,1320,70.6,12.1,251,PM2.5
India,Delhi,New Delhi,2026-01-19T08:00:00.000Z,136,245.29,115.9,1325,63.205,10.285,211,PM2.5
India,Delhi,New Delhi,2026-01-19T09:00:00.000Z,121,228.63,91.925,1040,56.51,14.925,197,PM2.5
India,Delhi,New Delhi,2026-01-19T10:00:00.000Z,137.15,259,93.3,1170,58.78,14,212,PM2.5
India,Delhi,New Delhi,2026-01-19T11:00:00.000Z,145.44,276,33.22,1300,73.975,14.35,221,PM2.5
India,Delhi,New Delhi,2026-01-19T12:00:00.000Z,154.51,299.765,19.815,1470,89.7,13.15,230,PM2.5
India,Delhi,New Delhi,2026-01-19T13:00:00.000Z,186,343.5,13.09,2100,90.8,15.01,261,PM2.5
India,Delhi,New Delhi,2026-01-19T14:00:00.000Z,233,384.34,11.52,2860,103.165,17.22,316,PM2.5
India,Delhi,New Delhi,2026-01-19T15:00:00.000Z,254,440,8.64,3070,97.6,24.87,358,PM2.5
India,Delhi,New Delhi,2026-01-19T16:00:00.000Z,285.975,473.1,10.5,3270,96.2,15.2,421,PM2.5
India,Delhi,New Delhi,2026-01-19T17:00:00.000Z,269,454.75,11.15,3295,70.97,25.73,388,PM2.5
India,Delhi,New Delhi,2026-01-19T18:00:00.000Z,275,460.32,8.35,3555,72.35,12.8,400,PM2.5
India,Delhi,New Delhi,2026-01-19T19:00:00.000Z,306.23,463.8,7.7,3375,69.075,10.73,462,PM2.5
India,Delhi,New Delhi,2026-01-19T20:00:00.000Z,307.5,431,9.15,2390,66.8,15.435,464,PM2.5
India,Delhi,New Delhi,2026-01-19T21:00:00.000Z,301.5,400.9,5.9,2175,56.1,16.98,452,PM2.5
India,Delhi,New Delhi,2026-01-19T22:00:00.000Z,279,372.25,7.6,1850,52.66,12.84,408,PM2.5
India,Delhi,New Delhi,2026-01-19T23:00:00.000Z,266,352,7.6,1840,45.07,6.5,382,PM2.5
India,Delhi,New Delhi,2026-01-20T00:00:00.000Z,280,346.39,10.3,1640,48.65,9.425,410,PM2.5
India,Delhi,New Delhi,2026-01-20T01:00:00.000Z,273,359,7.575,1620,50.87,7.375,396,PM2.5
India,Delhi,New Delhi,2026-01-20T02:00:00.000Z,284,365.135,9.73,1610,60.01,7.98,418,PM2.5
India,Delhi,New Delhi,2026-01-20T03:00:00.000Z,279,436.5,13.24,1610,81.45,9.515,408,PM2.5
India,Delhi,New Delhi,2026-01-20T04:00:00.000Z,273.76,423.625,26.3,1300,87,9.61,397,PM2.5
India,Delhi,New Delhi,2026-01-20T05:00:00.000Z,232.01,357.92,49.03,1060,63.41,9.9,314,PM2.5
India,Delhi,New Delhi,2026-01-20T06:00:00.000Z,168,309.4,105.9,755,60.6,5.72,243,PM2.5
India,Delhi,New Delhi,2026-01-20T07:00:00.000Z,125.375,256.865,116.5,530,48.725,6.355,200,PM2.5
India,Delhi,New Delhi,2026-01-20T08:00:00.000Z,104.945,202.03,84.2,415,45.93,6.55,186,PM2.5
India,Delhi,New Delhi,2026-01-20T09:00:00.000Z,86.5,182,92.6,300,36.48,10.505,173,PM2.5
India,Delhi,New Delhi,2026-01-20T10:00:00.000Z,85,171,110.39,700,38.28,11.45,172,PM2.5
India,Delhi,New Delhi,2026-01-20T11:00:00.000Z,90.5,163,56.98,895,53.455,13.73,176,PM2.5
India,Delhi,New Delhi,2026-01-20T12:00:00.000Z,111.415,212.875,20.755,1400,74.25,12.8,190,PM2.5
India,Delhi,New Delhi,2026-01-20T13:00:00.000Z,141.5,286.685,11.385,2200,96.525,15.9,217,PM2.5
India,Delhi,New Delhi,2026-01-20T14:00:00.000Z,172.5,381.27,7.97,2700,96.75,17.41,248,PM2.5
India,Delhi,New Delhi,2026-01-20T15:00:00.000Z,193.5,409.25,8.94,3500,93.6,15.85,278,PM10
India,Delhi,New Delhi,2026-01-20T16:00:00.000Z,231.675,429.5,8.1,3830,74.1,15.175,313,PM2.5
India,Delhi,New Delhi,2026-01-20T17:00:00.000Z,247.25,465.74,6.29,3400,66.75,14.35,345,PM10
India,Delhi,New Delhi,2026-01-20T18:00:00.000Z,253.295,431.54,8.05,2220,56.86,11.6,356,PM2.5
India,Delhi,New Delhi,2026-01-20T19:00:00.000Z,250.69,389.05,9.7,1850,62.46,14.2,351,PM2.5
India,Delhi,New Delhi,2026-01-20T20:00:00.000Z,236,334.2,10.36,1920,57.3,9.45,322,PM2.5
India,Delhi,New Delhi,2026-01-20T21:00:00.000Z,234,304.13,10.195,1780,53.7,12.385,318,PM2.5
India,Delhi,New Delhi,2026-01-20T22:00:00.000Z,214.5,262.375,8.75,1710,47,10.5,289,PM2.5
India,Delhi,New Delhi,2026-01-20T23:00:00.000Z,214,268.415,8.525,1515,41.88,11.4,289,PM2.5
India,Delhi,New Delhi,2026-01-21T00:00:00.000Z,213.91,271,7.91,1435,40.6,8.7,289,PM2.5
India,Delhi,New Delhi,2026-01-21T01:00:00.000Z,215,283,7.36,1525,42.025,9.2,290,PM2.5
India,Delhi,New Delhi,2026-01-21T02:00:00.000Z,213,299.68,8.4,1470,53.53,12.52,288,PM2.5
India,Delhi,New Delhi,2026-01-21T03:00:00.000Z,217,333.5,10.105,1400,78.66,9.535,292,PM2.5
India,Delhi,New Delhi,2026-01-21T04:00:00.000Z,221.5,353.29,18.26,1150,90.5,10.61,296,PM2.5
India,Delhi,New Delhi,2026-01-21T05:00:00.000Z,177,352.5,29.625,925,61.22,10.81,252,PM2.5
India,Delhi,New Delhi,2026-01-21T06:00:00.000Z,128,268,45.72,835,47.86,10.21,203,PM2.5
India,Delhi,New Delhi,2026-01-21T07:00:00.000Z,115.5,241.32,66.68,900,51.595,9.295,193,PM2.5
India,Delhi,New Delhi,2026-01-21T08:00:00.000Z,100.375,191,83.27,960,41.62,4.435,182,PM2.5
India,Delhi,New Delhi,2026-01-21T09:00:00.000Z,87.5,164,108.3,700,46.3,5.7,173,PM2.5
India,Delhi,New Delhi,2026-01-21T10:00:00.000Z,84,154.75,84.15,830,44.68,9.85,171,PM2.5
India,Delhi,New Delhi,2026-01-21T11:00:00.000Z,76,165.78,49.1,965,46.75,9.7,165,PM2.5
India,Delhi,New Delhi,2026-01-21T12:00:00.000Z,87.685,183.85,17,1340,60.3,11.625,174,PM2.5
India,Delhi,New Delhi,2026-01-21T13:00:00.000Z,123.5,247.5,9.4,1965,78.435,15.78,199,PM2.5
India,Delhi,New Delhi,2026-01-21T14:00:00.000Z,149.5,344.19,9.55,2840,80.915,16.3,225,PM2.5
India,Delhi,New Delhi,2026-01-21T15:00:00.000Z,167.075,389.53,10.95,3100,78.75,13.66,250,PM10
India,Delhi,New Delhi,2026-01-21T16:00:00.000Z,185,368.18,7.61,3740,73.61,11.31,260,PM2.5
India,Delhi,New Delhi,2026-01-21T17:00:00.000Z,195.5,374.5,9.2,3600,65.915,14.33,270,PM2.5
India,Delhi,New Delhi,2026-01-21T18:00:00.000Z,167.735,397.375,8.2,3300,62.8,10.35,261,PM10
India,Delhi,New Delhi,2026-01-21T19:00:00.000Z,163.735,356.615,6.95,3360,56.3,13.97,239,PM2.5
India,Delhi,New Delhi,2026-01-21T20:00:00.000Z,185.57,345.5,7.25,3515,58.18,14.59,260,PM2.5
India,Delhi,New Delhi,2026-01-21T21:00:00.000Z,193.95,333,7.1,3310,53.4,17.6,269,PM2.5
India,Delhi,New Delhi,2026-01-21T22:00:00.000Z,191.59,296.975,7.18,2850,54.1,17.91,266,PM2.5
India,Delhi,New Delhi,2026-01-21T23:00:00.000Z,174.6,309,5.8,2560,50.3,16.05,250,PM2.5
India,Delhi,New Delhi,2026-01-22T00:00:00.000Z,186.235,291.76,7.5,2565,47.61,12.66,261,PM2.5
India,Delhi,New Delhi,2026-01-22T01:00:00.000Z,186.5,317.425,8.58,2640,47.31,15.01,261,PM2.5
India,Delhi,New Delhi,2026-01-22T02:00:00.000Z,197,353,9.21,2700,58.4,15.48,272,PM2.5
India,Delhi,New Delhi,2026-01-22T03:00:00.000Z,215.55,414.02,10.575,2400,102.34,11.9,290,PM2.5
India,Delhi,New Delhi,2026-01-22T04:00:00.000Z,219.5,388,21.86,1745,120.5,12.695,294,PM2.5
India,Delhi,New Delhi,2026-01-22T05:00:00.000Z,174,326.16,45.59,1320,86.49,11.12,249,PM2.5
India,Delhi,New Delhi,2026-01-22T06:00:00.000Z,122,249,91.4,1100,55.25,6,198,PM2.5
India,Delhi,New Delhi,2026-01-22T07:00:00.000Z,103.445,222.5,101.16,1090,50.5,9.885,185,PM2.5
India,Delhi,New Delhi,2026-01-22T08:00:00.000Z,107.8,209.825,130.95,1090,53.56,9.78,188,PM2.5
India,Delhi,New Delhi,2026-01-22T09:00:00.000Z,116.9,235.27,133.65,1100,51.51,10.275,194,PM2.5
India,Delhi,New Delhi,2026-01-22T10:00:00.000Z,123,280.97,124.8,1200,53.425,9.72,198,PM2.5
India,Delhi,New Delhi,2026-01-22T11:00:00.000Z,117,244,63.4,1105,59.23,13.24,194,PM2.5
India,Delhi,New Delhi,2026-01-22T12:00:00.000Z,112,234.685,24.345,1400,82.415,9.425,191,PM2.5
India,Delhi,New Delhi,2026-01-22T13:00:00.000Z,139,261,18.62,1700,87.55,15.49,214,PM2.5
India,Delhi,New Delhi,2026-01-22T14:00:00.000Z,168,279.375,12.76,2000,92.275,15.465,243,PM2.5
India,Delhi,New Delhi,2026-01-22T15:00:00.000Z,190,284.31,23.8,1700,88.6,13.43,265,PM2.5
India,Delhi,New Delhi,2026-01-22T16:00:00.000Z,169.5,281.91,40.7,1190,55.41,7.2,245,PM2.5
India,Delhi,New Delhi,2026-01-22T17:00:00.000Z,138.965,245,36.26,1170,56.95,8.56,214,PM2.5
India,Delhi,New Delhi,2026-01-22T18:00:00.000Z,130.625,223,40.25,1070,49.8,8.36,206,PM2.5
India,Delhi,New Delhi,2026-01-22T19:00:00.000Z,126,211,54,950,41.4,6.3,201,PM2.5
India,Delhi,New Delhi,2026-01-22T20:00:00.000Z,117.25,219,67.25,910,35.13,6.13,194,PM2.5
India,Delhi,New Delhi,2026-01-22T21:00:00.000Z,110,202,71.35,1000,37.46,5.43,189,PM2.5
India,Delhi,New Delhi,2026-01-22T22:00:00.000Z,110,173,76.1,1000,35.7,8.27,189,PM2.5
India,Delhi,New Delhi,2026-01-22T23:00:00.000Z,109,169,70,830,34.965,8.07,189,PM2.5
India,Delhi,New Delhi,2026-01-23T00:00:00.000Z,110.5,182,67.275,945,36.8,6.09,190,PM2.5
India,Delhi,New Delhi,2026-01-23T01:00:00.000Z,118.5,208,65.5,1000,42.65,7.4,195,PM2.5
India,Delhi,New Delhi,2026-01-23T02:00:00.000Z,133,234,38.3,1055,43.72,8.79,208,PM2.5
India,Delhi,New Delhi,2026-01-23T03:00:00.000Z,122.5,157,15.3,1270,55.405,8.45,198,PM2.5
India,Delhi,New Delhi,2026-01-23T04:00:00.000Z,133,174,13.8,1370,70.785,6.3,208,PM2.5
India,Delhi,New Delhi,2026-01-23T05:00:00.000Z,136.15,177,10,1445,67.59,9.51,212,PM2.5
India,Delhi,New Delhi,2026-01-23T06:00:00.000Z,132.5,190.5,19.47,1180,66.48,10.95,208,PM2.5
India,Delhi,New Delhi,2026-01-23T07:00:00.000Z,148.25,184,24.61,1130,53,11.5,223,PM2.5
India,Delhi,New Delhi,2026-01-23T08:00:00.000Z,143.5,177,35.325,1120,46.9,6.895,219,PM2.5
India,Delhi,New Delhi,2026-01-23T09:00:00.000Z,143,167,49.015,1090,47.225,9.14,218,PM2.5
India,Delhi,New Delhi,2026-01-23T10:00:00.000Z,144,178,34.2,1200,48.565,5.835,219,PM2.5
India,Delhi,New Delhi,2026-01-23T11:00:00.000Z,147,177,28.35,1150,56.455,10.4,222,PM2.5
India,Delhi,New Delhi,2026-01-23T12:00:00.000Z,146,185,20.41,1210,59.465,10.75,221,PM2.5
India,Delhi,New Delhi,2026-01-23T13:00:00.000Z,140,179.5,15.155,1435,65.25,11.74,215,PM2.5
India,Delhi,New Delhi,2026-01-23T14:00:00.000Z,143,170.865,10.05,1665,61.44,13.565,218,PM2.5
India,Delhi,New Delhi,2026-01-23T15:00:00.000Z,134,167.05,7.925,1700,57.85,12.9,209,PM2.5
India,Delhi,New Delhi,2026-01-23T16:00:00.000Z,140,174.125,6.9,1700,56.72,12.205,215,PM2.5
India,Delhi,New Delhi,2026-01-23T17:00:00.000Z,140,182,4.8,1795,53.4,12.7,215,PM2.5
India,Delhi,New Delhi,2026-01-23T18:00:00.000Z,130.435,176.5,4.5,1555,52.6,11.3,206,PM2.5
India,Delhi,New Delhi,2026-01-23T19:00:00.000Z,122.115,181,5.35,1410,40.81,10.16,198,PM2.5
India,Delhi,New Delhi,2026-01-23T20:00:00.000Z,130.25,188.5,8.14,1255,48.385,11.7,206,PM2.5
India,Delhi,New Delhi,2026-01-23T21:00:00.000Z,92.725,183,23.055,930,38.515,9.43,177,PM2.5
India,Delhi,New Delhi,2026-01-23T22:00:00.000Z,50.765,138,22.02,635,30.43,8.23,138,PM2.5
India,Delhi,New Delhi,2026-01-23T23:00:00.000Z,51,159,23.78,600,31.56,12.535,139,PM2.5
India,Delhi,New Delhi,2026-01-24T00:00:00.000Z,44.5,194.78,29.77,820,33.48,8.575,123,PM2.5
India,Delhi,New Delhi,2026-01-24T01:00:00.000Z,46,190,29.04,800,34.47,10.225,127,PM2.5
India,Delhi,New Delhi,2026-01-24T02:00:00.000Z,49.635,190.35,23.31,945,38.435,8.605,136,PM2.5
India,Delhi,New Delhi,2026-01-24T03:00:00.000Z,52.71,207.305,26.29,840,33.9,6.8,143,PM2.5
India,Delhi,New Delhi,2026-01-24T04:00:00.000Z,50,223.135,48.3,770,32.98,7.1,137,PM2.5
India,Delhi,New Delhi,2026-01-24T05:00:00.000Z,47.51,214.06,59.115,740,29.7,7.9,131,PM2.5
India,Delhi,New Delhi,2026-01-24T06:00:00.000Z,57.275,203.015,64.55,750,36.03,9.55,152,PM2.5
India,Delhi,New Delhi,2026-01-24T07:00:00.000Z,52.75,193.5,72.6,700,34.63,9.695,143,PM2.5
India,Delhi,New Delhi,2026-01-24T08:00:00.000Z,48,169.865,89.9,800,34.435,9.905,132,PM2.5
India,Delhi,New Delhi,2026-01-24T09:00:00.000Z,36.99,146.35,40.63,785,35.74,12.25,104,PM2.5
India,Delhi,New Delhi,2026-01-24T10:00:00.000Z,37,146.17,25.83,1000,38.92,12.69,105,PM2.5
India,Delhi,New Delhi,2026-01-24T11:00:00.000Z,38,138.75,25.205,830,40.8,14.47,107,PM2.5
India,Delhi,New Delhi,2026-01-24T12:00:00.000Z,47,152.5,30.38,920,50.51,13.48,129,PM2.5
India,Delhi,New Delhi,2026-01-24T13:00:00.000Z,56,175.44,25.275,1270,53.27,14.65,151,PM2.5
India,Delhi,New Delhi,2026-01-24T14:00:00.000Z,66,158,21.7,1000,48.15,17.79,158,PM2.5
India,Delhi,New Delhi,2026-01-24T15:00:00.000Z,62,154,19.77,1000,45.05,13.65,156,PM2.5
India,Delhi,New Delhi,2026-01-24T16:00:00.000Z,62.33,161.41,32.7,970,40.89,11.715,156,PM2.5
India,Delhi,New Delhi,2026-01-24T17:00:00.000Z,53,146.825,37.23,890,37.54,12.55,144,PM2.5
India,Delhi,New Delhi,2026-01-24T18:00:00.000Z,45,135.515,34.1,800,35.96,7.175,124,PM2.5
India,Delhi,New Delhi,2026-01-24T19:00:00.000Z,45.18,132,38.45,740,38.39,6.98,125,PM2.5
India,Delhi,New Delhi,2026-01-24T20:00:00.000Z,46,138.585,40.45,740,35.24,8.025,127,PM2.5
India,Delhi,New Delhi,2026-01-24T21:00:00.000Z,51,137.9,36.1,800,37.415,8.6,139,PM2.5
India,Delhi,New Delhi,2026-01-24T22:00:00.000Z,55.5,126.93,28.005,800,37.205,10.6,151,PM2.5
India,Delhi,New Delhi,2026-01-24T23:00:00.000Z,49,138.9,26.215,700,37.37,11.155,134,PM2.5
India,Delhi,New Delhi,2026-01-25T00:00:00.000Z,48,138.16,14.85,740,41.645,11.1,132,PM2.5
India,Delhi,New Delhi,2026-01-25T01:00:00.000Z,53.885,144,12.21,810,42.6,13,146,PM2.5
India,Delhi,New Delhi,2026-01-25T02:00:00.000Z,56.14,162.805,20.25,910,40.805,8.55,151,PM2.5
India,Delhi,New Delhi,2026-01-25T03:00:00.000Z,80,175.985,32.62,900,36.15,6.3,168,PM2.5
India,Delhi,New Delhi,2026-01-25T04:00:00.000Z,81.5,181.19,45.9,900,38.81,6.46,169,PM2.5
India,Delhi,New Delhi,2026-01-25T05:00:00.000Z,75,171.47,69,875,35.095,6.79,165,PM2.5
India,Delhi,New Delhi,2026-01-25T06:00:00.000Z,70,159.5,81.15,760,33.76,7.25,161,PM2.5
India,Delhi,New Delhi,2026-01-25T07:00:00.000Z,61.71,154.62,95.9,825,33.665,13.6,155,PM2.5
India,Delhi,New Delhi,2026-01-25T08:00:00.000Z,64,152,94.9,880,35.205,12.5,157,PM2.5
India,Delhi,New Delhi,2026-01-25T09:00:00.000Z,53.925,140,105.415,830,36.16,9.42,146,PM2.5
India,Delhi,New Delhi,2026-01-25T10:00:00.000Z,53.975,119.02,80.03,800,38.62,10.085,146,PM2.5
India,Delhi,New Delhi,2026-01-25T11:00:00.000Z,56.18,119.6,76.64,900,37.7,11.68,151,PM2.5
India,Delhi,New Delhi,2026-01-25T12:00:00.000Z,66,143,27.295,1285,53.3,10.8,158,PM2.5
India,Delhi,New Delhi,2026-01-25T13:00:00.000Z,89,177,15.86,1480,65.4,17.29,174,PM2.5
India,Delhi,New Delhi,2026-01-25T14:00:00.000Z,119.975,202.975,10.79,1870,68.1,20.075,196,PM2.5
India,Delhi,New Delhi,2026-01-25T15:00:00.000Z,128,250.4,7.81,2405,75.8,12.21,203,PM2.5
India,Delhi,New Delhi,2026-01-25T16:00:00.000Z,143,268.25,11.73,2520,74.3,12.255,218,PM2.5
India,Delhi,New Delhi,2026-01-25T17:00:00.000Z,140.5,282.15,5.65,1630,68.545,12.17,216,PM2.5
India,Delhi,New Delhi,2026-01-25T18:00:00.000Z,145.24,256.85,9.86,1880,51.09,11.01,221,PM2.5
India,Delhi,New Delhi,2026-01-25T19:00:00.000Z,129,240.97,10.635,1610,49.5,8.3,204,PM2.5
India,Delhi,New Delhi,2026-01-25T20:00:00.000Z,113,216,9.17,1455,51.1,10.54,191,PM2.5
India,Delhi,New Delhi,2026-01-25T21:00:00.000Z,101,196,9.15,1295,47.25,12.75,183,PM2.5
India,Delhi,New Delhi,2026-01-25T22:00:00.000Z,85.475,174.66,8.4,1050,53.82,14.53,172,PM2.5
India,Delhi,New Delhi,2026-01-25T23:00:00.000Z,69.8,158,10.18,955,43.4,12.2,161,PM2.5
India,Delhi,New Delhi,2026-01-26T00:00:00.000Z,67.2,136,9,1000,41.35,10.585,159,PM2.5
India,Delhi,New Delhi,2026-01-26T01:00:00.000Z,66.65,137.62,8.29,1090,45.67,11.285,159,PM2.5
India,Delhi,New Delhi,2026-01-26T02:00:00.000Z,70.22,162.07,11.915,1105,46.485,13.865,161,PM2.5
India,Delhi,New Delhi,2026-01-26T03:00:00.000Z,98.275,174,24,1060,49,12.4,181,PM2.5
India,Delhi,New Delhi,2026-01-26T04:00:00.000Z,99,175,62.1,1000,45.165,13.9,181,PM2.5
India,Delhi,New Delhi,2026-01-26T05:00:00.000Z,100,167,78.5,945,41.125,11.68,182,PM2.5
India,Delhi,New Delhi,2026-01-26T06:00:00.000Z,86.5,157.35,104.1,795,42.955,15.3,173,PM2.5
India,Delhi,New Delhi,2026-01-26T07:00:00.000Z,75,146.125,125.95,760,42.45,13.115,165,PM2.5
India,Delhi,New Delhi,2026-01-26T08:00:00.000Z,78,149.55,155,830,40.2,9.85,167,PM2.5
India,Delhi,New Delhi,2026-01-26T09:00:00.000Z,81,150.53,155.585,900,42,9.77,169,PM2.5
India,Delhi,New Delhi,2026-01-26T10:00:00.000Z,94,170.79,156.4,980,49.505,9.54,178,PM2.5
India,Delhi,New Delhi,2026-01-26T11:00:00.000Z,101,172,84.835,1075,60.1,11.2,183,PM2.5
India,Delhi,New Delhi,2026-01-26T12:00:00.000Z,109,207.25,24.89,1375,75.9,12.2,189,PM2.5
India,Delhi,New Delhi,2026-01-26T13:00:00.000Z,132,250,16.65,1700,84.4,15.3,207,PM2.5
India,Delhi,New Delhi,2026-01-26T14:00:00.000Z,149,276,10.9,1925,73.275,20.23,224,PM2.5
India,Delhi,New Delhi,2026-01-26T15:00:00.000Z,157.5,271.48,14.53,2500,74.5,22.33,233,PM2.5
India,Delhi,New Delhi,2026-01-26T16:00:00.000Z,170,302,14.45,3100,71.315,12.2,245,PM2.5
India,Delhi,New Delhi,2026-01-26T17:00:00.000Z,171,370,7.69,3400,72.3,13.925,246,PM2.5
India,Delhi,New Delhi,2026-01-26T18:00:00.000Z,166.785,383.965,6.78,2120,59.4,20.17,242,PM2.5
India,Delhi,New Delhi,2026-01-26T19:00:00.000Z,200.185,350.05,7.01,2385,59.2,21.155,275,PM2.5
India,Delhi,New Delhi,2026-01-26T20:00:00.000Z,190.31,343,7.075,2475,49.4,17.415,265,PM2.5
India,Delhi,New Delhi,2026-01-26T21:00:00.000Z,187.11,323,7.025,2220,53.7,15.3,262,PM2.5
India,Delhi,New Delhi,2026-01-26T22:00:00.000Z,186.5,319.5,7.47,2330,52.385,15.015,261,PM2.5
India,Delhi,New Delhi,2026-01-26T23:00:00.000Z,188.64,312,6.5,2100,51.2,14.955,264,PM2.5
India,Delhi,New Delhi,2026-01-27T00:00:00.000Z,174,304,8.195,1995,51.3,16.21,249,PM2.5
India,Delhi,New Delhi,2026-01-27T01:00:00.000Z,192.99,310,8.95,1885,54.91,16.365,268,PM2.5
India,Delhi,New Delhi,2026-01-27T02:00:00.000Z,201,309.72,10.76,1965,60.1,15.335,276,PM2.5
India,Delhi,New Delhi,2026-01-27T03:00:00.000Z,182,334,14.68,1615,76.6,15.26,257,PM2.5
India,Delhi,New Delhi,2026-01-27T04:00:00.000Z,163,317,20.46,1495,73.2,15.3,238,PM2.5
India,Delhi,New Delhi,2026-01-27T05:00:00.000Z,151,287.96,23.62,1495,78.35,14.4,226,PM2.5
India,Delhi,New Delhi,2026-01-27T06:00:00.000Z,139.97,250,13.75,1300,75.09,15.41,215,PM2.5
India,Delhi,New Delhi,2026-01-27T07:00:00.000Z,143.73,216,22.94,1250,79.53,15.515,219,PM2.5
India,Delhi,New Delhi,2026-01-27T08:00:00.000Z,152,230.5,30.45,1290,65,15.57,227,PM2.5
India,Delhi,New Delhi,2026-01-27T09:00:00.000Z,158,216.5,34.16,1200,64.135,14.635,233,PM2.5
India,Delhi,New Delhi,2026-01-27T10:00:00.000Z,153,208,36.3,1160,57.08,15.3,228,PM2.5
India,Delhi,New Delhi,2026-01-27T11:00:00.000Z,133,186.47,25.48,930,52.88,13.385,208,PM2.5
India,Delhi,New Delhi,2026-01-27T12:00:00.000Z,110.54,158.83,26.75,1020,46.77,15.7,190,PM2.5
India,Delhi,New Delhi,2026-01-27T13:00:00.000Z,102.93,141,23.11,1125,59.655,17.13,184,PM2.5
India,Delhi,New Delhi,2026-01-27T14:00:00.000Z,100.5,135.73,21.4,1150,49.46,16.1,183,PM2.5
India,Delhi,New Delhi,2026-01-27T15:00:00.000Z,100,132.5,22.81,1100,49.47,12.56,182,PM2.5
India,Delhi,New Delhi,2026-01-27T16:00:00.000Z,99.25,133.985,22.7,1080,48.165,13.555,182,PM2.5
India,Delhi,New Delhi,2026-01-27T17:00:00.000Z,100.37,126.5,15.7,1010,43.04,13.4,182,PM2.5
India,Delhi,New Delhi,2026-01-27T18:00:00.000Z,94.465,128.675,17,1050,47.875,13,178,PM2.5
India,Delhi,New Delhi,2026-01-27T19:00:00.000Z,89.615,130.5,16.1,960,47.085,13,175,PM2.5
India,Delhi,New Delhi,2026-01-27T20:00:00.000Z,83.765,132.665,14.075,970,46.54,12.7,171,PM2.5
India,Delhi,New Delhi,2026-01-27T21:00:00.000Z,85.29,120.725,11.445,900,45.97,13.575,172,PM2.5
India,Delhi,New Delhi,2026-01-27T22:00:00.000Z,64,120.5,10.81,875,42.5,13.4,157,PM2.5
India,Delhi,New Delhi,2026-01-27T23:00:00.000Z,62.18,107.025,10.67,1145,43.79,14.2,156,PM2.5
India,Delhi,New Delhi,2026-01-28T00:00:00.000Z,66.5,107.73,8.115,970,41.99,13.71,159,PM2.5
India,Delhi,New Delhi,2026-01-28T01:00:00.000Z,74.23,113,6.75,1310,45.12,14.9,164,PM2.5
India,Delhi,New Delhi,2026-01-28T02:00:00.000Z,91,128,6.285,1500,50.89,13.895,176,PM2.5
India,Delhi,New Delhi,2026-01-28T03:00:00.000Z,118.655,186.625,8.43,1580,51.715,15.5,195,PM2.5
India,Delhi,New Delhi,2026-01-28T04:00:00.000Z,154,228.99,8.7,1600,55.36,15.45,229,PM2.5
India,Delhi,New Delhi,2026-01-28T05:00:00.000Z,165,238,22.595,1310,48.93,15.59,240,PM2.5
India,Delhi,New Delhi,2026-01-28T06:00:00.000Z,154,223.5,23.64,1180,47.27,16,229,PM2.5
India,Delhi,New Delhi,2026-01-28T07:00:00.000Z,150.6,221.93,24.71,1100,47.01,17.385,226,PM2.5
India,Delhi,New Delhi,2026-01-28T08:00:00.000Z,145.025,215,44.055,1095,46.24,14.01,220,PM2.5
India,Delhi,New Delhi,2026-01-28T09:00:00.000Z,134.545,199.365,56.1,1100,46.95,10.775,210,PM2.5
India,Delhi,New Delhi,2026-01-28T10:00:00.000Z,137.95,199.5,41.49,1020,47.29,17.4,213,PM2.5
India,Delhi,New Delhi,2026-01-28T11:00:00.000Z,136.5,207.765,34.105,1280,54.65,19.125,212,PM2.5
India,Delhi,New Delhi,2026-01-28T12:00:00.000Z,139.11,218,11.375,1480,60.07,15.825,214,PM2.5
India,Delhi,New Delhi,2026-01-28T13:00:00.000Z,152.125,255,10.85,1865,58.7,17.62,227,PM2.5
India,Delhi,New Delhi,2026-01-28T14:00:00.000Z,129.195,233.75,8.72,1870,64.285,14.2,205,PM2.5
India,Delhi,New Delhi,2026-01-28T15:00:00.000Z,115.52,210,10.8,1750,51.75,19.03,193,PM2.5
India,Delhi,New Delhi,2026-01-28T16:00:00.000Z,99.8,199.5,9.875,1500,47.13,16.6,182,PM2.5
India,Delhi,New Delhi,2026-01-28T17:00:00.000Z,108.6,197,8.515,1390,46.78,12.42,188,PM2.5
India,Delhi,New Delhi,2026-01-28T18:00:00.000Z,100.97,195,9.245,1080,47.02,14.23,183,PM2.5
India,Delhi,New Delhi,2026-01-28T19:00:00.000Z,98.01,193,9.07,1040,49.02,12.43,181,PM2.5
India,Delhi,New Delhi,2026-01-28T20:00:00.000Z,89.22,189,10.22,980,46.345,11.28,175,PM2.5
India,Delhi,New Delhi,2026-01-28T21:00:00.000Z,81,175,16.525,1010,36.26,14.535,169,PM2.5
India,Delhi,New Delhi,2026-01-28T22:00:00.000Z,64.075,135,22.16,860,33.5,13.28,157,PM2.5
India,Delhi,New Delhi,2026-01-28T23:00:00.000Z,52.385,108.235,20.86,560,41,9.21,142,PM2.5
India,Delhi,New Delhi,2026-01-29T00:00:00.000Z,67.25,119,31.035,945,36.015,6.51,159,PM2.5
India,Delhi,New Delhi,2026-01-29T01:00:00.000Z,71.2,123.3,28.01,950,38.23,4.23,162,PM2.5
India,Delhi,New Delhi,2026-01-29T02:00:00.000Z,72.17,133.14,22.44,1070,44.64,8.05,163,PM2.5
India,Delhi,New Delhi,2026-01-29T03:00:00.000Z,72.17,128.585,24.66,930,41.8,10.58,163,PM2.5
India,Delhi,New Delhi,2026-01-29T04:00:00.000Z,70.02,134.5,25.29,1040,44.04,12.965,161,PM2.5
India,Delhi,New Delhi,2026-01-29T05:00:00.000Z,67.87,127.625,28.265,1010,40.055,10.515,160,PM2.5
India,Delhi,New Delhi,2026-01-29T06:00:00.000Z,72.35,131,41.36,930,42.05,10.335,163,PM2.5
India,Delhi,New Delhi,2026-01-29T07:00:00.000Z,74.29,109.55,48.44,1010,36.53,16.31,164,PM2.5
India,Delhi,New Delhi,2026-01-29T08:00:00.000Z,84,129,51.99,865,35.695,15.175,171,PM2.5
India,Delhi,New Delhi,2026-01-29T09:00:00.000Z,95.25,139,60.75,940,39.9,14.855,179,PM2.5
India,Delhi,New Delhi,2026-01-29T10:00:00.000Z,98,144,67.255,1035,47.11,14.33,181,PM2.5
India,Delhi,New Delhi,2026-01-29T11:00:00.000Z,99,146.125,46.33,1050,51.89,14.32,181,PM2.5
India,Delhi,New Delhi,2026-01-29T12:00:00.000Z,111.8,172,24.33,1250,58.52,14.55,190,PM2.5
India,Delhi,New Delhi,2026-01-29T13:00:00.000Z,104.675,202,8.035,1685,62.81,17.215,185,PM2.5
India,Delhi,New Delhi,2026-01-29T14:00:00.000Z,112.7,209.225,7.885,1930,61.08,17.99,191,PM2.5
India,Delhi,New Delhi,2026-01-29T15:00:00.000Z,113.83,272.725,11.12,2100,58.93,14.5,192,PM2.5
India,Delhi,New Delhi,2026-01-29T16:00:00.000Z,122.75,261.925,10.71,2300,49.67,17.975,198,PM2.5
India,Delhi,New Delhi,2026-01-29T17:00:00.000Z,127.365,271.865,12.18,2250,47.2,14.5,203,PM2.5
India,Delhi,New Delhi,2026-01-29T18:00:00.000Z,107.915,246.98,11.395,1715,56.375,13.93,188,PM2.5
India,Delhi,New Delhi,2026-01-29T19:00:00.000Z,116,211,10.6,1500,47.76,11.18,193,PM2.5
India,Delhi,New Delhi,2026-01-29T20:00:00.000Z,114.2,199.575,8.795,1490,49.45,12.1,192,PM2.5
India,Delhi,New Delhi,2026-01-29T21:00:00.000Z,105,188.5,9.56,1370,47.89,12.97,186,PM2.5
India,Delhi,New Delhi,2026-01-29T22:00:00.000Z,108.17,178.165,9.38,1075,43.8,11.93,188,PM2.5
India,Delhi,New Delhi,2026-01-29T23:00:00.000Z,85.25,167.55,8.735,1095,43.19,12.68,172,PM2.5
India,Delhi,New Delhi,2026-01-30T00:00:00.000Z,90.555,165.455,8.51,1120,48.23,13.455,176,PM2.5
India,Delhi,New Delhi,2026-01-30T01:00:00.000Z,98.45,171.325,9.645,1400,48,13.965,181,PM2.5
India,Delhi,New Delhi,2026-01-30T02:00:00.000Z,108.36,201.3,11.85,1735,54.09,14.8,188,PM2.5
India,Delhi,New Delhi,2026-01-30T03:00:00.000Z,115.82,216.66,14.06,1500,68.85,13.25,193,PM2.5
India,Delhi,New Delhi,2026-01-30T04:00:00.000Z,111,201.5,28.36,1200,59.5,14.93,190,PM2.5
India,Delhi,New Delhi,2026-01-30T05:00:00.000Z,101,162,64.38,1050,51.9,10,183,PM2.5
India,Delhi,New Delhi,2026-01-30T06:00:00.000Z,91.5,158.33,74.35,1055,42.4,11.135,176,PM2.5
India,Delhi,New Delhi,2026-01-30T07:00:00.000Z,80.275,134,90.2,915,41.8,12.68,168,PM2.5
India,Delhi,New Delhi,2026-01-30T08:00:00.000Z,77.1,126.47,101.215,735,40.19,16.235,166,PM2.5
India,Delhi,New Delhi,2026-01-30T09:00:00.000Z,74.95,122.6,98.9,760,37.1,11.18,165,PM2.5
India,Delhi,New Delhi,2026-01-30T10:00:00.000Z,70.875,124,87.9,1100,37.35,11.18,162,PM2.5
India,Delhi,New Delhi,2026-01-30T11:00:00.000Z,72.455,128,66.93,1100,51,13.685,163,PM2.5
India,Delhi,New Delhi,2026-01-30T12:00:00.000Z,78.42,131.6,21.57,1320,53.84,13.42,167,PM2.5
India,Delhi,New Delhi,2026-01-30T13:00:00.000Z,98,179.75,13.25,1700,62.02,17.475,181,PM2.5
India,Delhi,New Delhi,2026-01-30T14:00:00.000Z,102.35,243.05,13.45,1975,70.77,19.11,184,PM2.5
India,Delhi,New Delhi,2026-01-30T15:00:00.000Z,97.755,277.75,13.815,3430,56.7,20.75,181,PM2.5
India,Delhi,New Delhi,2026-01-30T16:00:00.000Z,107,270.48,13.35,3220,62.82,17.65,187,PM2.5
India,Delhi,New Delhi,2026-01-30T17:00:00.000Z,122.99,324.67,12.345,3620,56.42,30.43,198,PM2.5
India,Delhi,New Delhi,2026-01-30T18:00:00.000Z,123.125,317.1,10.56,3120,58.4,20.135,198,PM2.5
India,Delhi,New Delhi,2026-01-30T19:00:00.000Z,126.72,291.15,10.26,2670,53.985,21.2,202,PM2.5
India,Delhi,New Delhi,2026-01-30T20:00:00.000Z,126.62,285.175,9.5,2525,46.08,30.47,202,PM2.5
India,Delhi,New Delhi,2026-01-30T21:00:00.000Z,115.01,267.195,9.65,1930,46.57,27.36,193,PM2.5
India,Delhi,New Delhi,2026-01-30T22:00:00.000Z,119.375,249.175,11.405,1890,42.33,24.92,196,PM2.5
India,Delhi,New Delhi,2026-01-30T23:00:00.000Z,120.77,235,11.17,1750,40.54,19.53,197,PM2.5
India,Delhi,New Delhi,2026-01-31T00:00:00.000Z,127,230.02,10.27,1685,43.91,19.775,202,PM2.5
India,Delhi,New Delhi,2026-01-31T01:00:00.000Z,126.01,265.995,12.22,1985,38.41,27.425,201,PM2.5
India,Delhi,New Delhi,2026-01-31T02:00:00.000Z,128.07,263.375,13.34,1785,62.32,24.15,203,PM2.5
India,Delhi,New Delhi,2026-01-31T03:00:00.000Z,136.15,283.83,14.725,1930,67.39,24.04,212,PM2.5
India,Delhi,New Delhi,2026-01-31T04:00:00.000Z,201,342.19,22.835,1740,61.18,20.5,276,PM2.5
India,Delhi,New Delhi,2026-01-31T05:00:00.000Z,205,308.25,25.81,1560,64.09,9.37,280,PM2.5
India,Delhi,New Delhi,2026-01-31T06:00:00.000Z,184,311.87,30.23,1490,58.69,9.84,259,PM2.5
India,Delhi,New Delhi,2026-01-31T07:00:00.000Z,191,312.72,75.75,1575,61.01,11.93,266,PM2.5
India,Delhi,New Delhi,2026-01-31T08:00:00.000Z,176,276,66.13,1420,56.685,10.65,251,PM2.5
India,Delhi,New Delhi,2026-01-31T09:00:00.000Z,156.975,265,62.71,1340,56.585,13.935,232,PM2.5
India,Delhi,New Delhi,2026-01-31T10:00:00.000Z,163,274.05,85.3,1380,57.98,10.8,238,PM2.5
India,Delhi,New Delhi,2026-01-31T11:00:00.000Z,160,272.85,65.56,1530,63.345,12.995,235,PM2.5
India,Delhi,New Delhi,2026-01-31T12:00:00.000Z,160,276.06,29.75,1495,63.4,11.7,235,PM2.5
India,Delhi,New Delhi,2026-01-31T13:00:00.000Z,164.68,264.98,14.185,1780,71.5,11.68,240,PM2.5
India,Delhi,New Delhi,2026-01-31T14:00:00.000Z,177,251.81,9.35,1630,62.995,11.415,252,PM2.5
India,Delhi,New Delhi,2026-01-31T15:00:00.000Z,156.11,240.5,9.765,1620,55.775,9.6,231,PM2.5
India,Delhi,New Delhi,2026-01-31T16:00:00.000Z,152.31,230.5,10.66,1570,46.25,10.59,228,PM2.5
India,Delhi,New Delhi,2026-01-31T17:00:00.000Z,146.94,234.91,9.1,1450,47.84,11.27,222,PM2.5
India,Delhi,New Delhi,2026-01-31T18:00:00.000Z,125.195,237.5,8.37,1415,49.31,11.89,200,PM2.5
India,Delhi,New Delhi,2026-01-31T19:00:00.000Z,130,224.825,8.6,1320,47.24,13.56,205,PM2.5
India,Delhi,New Delhi,2026-01-31T20:00:00.000Z,110.09,211,11.9,1270,45.69,14.81,189,PM2.5
India,Delhi,New Delhi,2026-01-31T21:00:00.000Z,108,182.24,10.5,1200,47.14,14.165,188,PM2.5
India,Delhi,New Delhi,2026-01-31T22:00:00.000Z,104.67,169.7,9.4,1130,49.95,10.99,185,PM2.5
India,Delhi,New Delhi,2026-01-31T23:00:00.000Z,102,161.375,7.8,1200,44.5,13.1,184,PM2.5
